id,cabinet_id,party_id,pm,data_source,description,comment
1,632,1253,1,,,
2,574,1253,1,,,
3,490,1253,1,,,
4,450,1411,1,,,
5,450,184,0,,,
6,566,1411,1,,,
7,566,184,0,,,
8,479,1411,1,,,
9,479,184,0,,,
10,627,1411,1,,,
11,627,184,0,,,
12,786,1411,1,,,
13,786,184,0,,,
14,261,1411,1,,,
15,261,184,0,,,
16,67,1411,1,,,
17,67,184,0,,,
18,634,1411,0,,,
19,634,184,1,,,
20,1,1411,1,,,
21,1,184,0,,,
22,795,1411,1,,,
23,795,184,0,,,
24,671,1411,1,,,
25,671,184,0,,,
26,507,1253,1,,,
27,844,1253,1,,,
28,720,1411,1,,,
29,720,184,0,,,
30,836,1411,1,,,
31,836,184,0,,,
32,421,1411,1,,,
33,421,184,0,,,
34,774,1411,1,,,
35,774,184,0,,,
36,576,1253,1,,,
37,401,1253,1,,,
38,875,1253,1,,,
39,155,1253,1,,,
40,725,1253,1,,,
41,49,1253,1,,,
42,402,1411,1,,,
43,402,184,0,,,
44,423,1411,1,,,
45,423,184,0,,,
46,812,1411,1,,,
47,812,184,0,,,
48,452,769,0,bka,,
49,452,973,0,bka,,
50,452,1013,1,bka,,
51,775,973,0,nyt,,
52,775,1013,1,nyt,,
53,560,973,0,bka,,
54,560,1013,1,bka,,
55,659,973,0,faz,,
56,659,1013,1,faz,,
57,105,973,0,mueller,,
58,105,1013,1,mueller,,
59,114,973,0,mueller,,
60,114,1013,1,mueller,,
61,757,973,0,nyt,,
62,757,1013,1,nyt,,
63,533,973,0,mueller,,
64,533,1013,1,mueller,,
65,622,973,0,mueller,,
66,622,1013,1,mueller,,
67,483,973,0,bka,,
68,483,1013,1,bka,,
69,561,1013,1,mueller,,
70,354,973,1,nyt,,
71,365,973,1,mueller,,
72,350,973,1,mueller,,
73,702,973,1,mueller,,
74,702,50,0,mueller,,
75,828,973,1,mueller,,
76,828,50,0,mueller,,
77,873,973,1,mueller,,
78,873,1013,0,mueller,,
79,524,973,1,reuters,,
80,524,1013,0,reuters,,
81,294,973,1,mueller,,
82,294,1013,0,mueller,,
83,323,973,1,bka,,
84,323,1013,0,bka,,
85,412,973,1,bka,,
86,412,1013,0,bka,,
87,722,50,0,afp,Three FPÖ ministers resigned on 8 September 2002 following conflict with the party leader over the governments tax policy.,
88,722,1013,1,afp,,
89,257,50,0,"bka, afp",Freedom Party (FPÖ) ministers joined Future of Austria (BZÖ) on 4 April 2005 and the parliamentary group split into FPÖ and BZÖ members remaining formally one group in parliament.,
90,257,1013,1,"afp, bka",,
91,593,708,0,,,
92,593,167,0,,,
93,593,63,0,,,
94,593,1051,1,,,
95,29,167,0,,,
96,29,63,0,,,
97,29,1051,1,,,
98,808,708,0,,,
99,808,167,1,,,
100,808,63,0,,,
101,808,1051,0,,,
102,204,708,0,,,
103,204,167,1,,,
104,204,63,0,,,
105,168,167,1,,,
106,489,708,0,,,
107,489,167,1,,,
108,489,63,0,,,
109,540,708,0,,,
110,540,167,1,,,
111,540,63,0,,,
112,496,167,1,,,
113,496,1051,0,,,
114,40,167,1,,,
115,40,1051,0,,,
116,746,63,0,nyt,Liberals resigned over the return of King Leopold.,
117,746,1051,1,,,
118,695,1051,1,,,
119,700,1051,1,,,
120,389,1051,1,,,
121,745,167,1,,,
122,745,63,0,,,
123,112,1051,1,,,
124,144,63,0,nyt,Liberals resigned on 17 February 1961 following disagreement on tax policies but the request was not accepted by the king.,
125,144,1051,1,,,
128,613,167,0,,,
129,613,1051,1,,,
130,311,167,0,,,
131,311,1051,1,,,
132,353,63,0,,,
133,353,1051,1,,,
134,586,167,0,,,
135,586,723,1,,,
136,586,1192,0,,,
137,448,167,0,,,
138,448,723,1,,,
139,448,1192,0,,,
140,859,167,1,,,
141,859,1110,0,,,
142,859,454,0,,,
143,859,723,0,,,
144,859,1192,0,,,
155,677,1110,0,,,
156,677,454,0,,,
157,677,723,1,,,
158,677,1192,0,,,
159,847,1110,0,,,
160,847,454,0,,,
161,847,723,1,,,
162,847,1192,0,,,
163,847,460,0,,,
169,451,1110,0,,,
170,451,454,0,,,
171,451,723,1,,,
172,451,1192,0,,,
173,225,167,0,,,
174,225,723,1,,,
175,225,1192,0,,,
176,225,290,0,,,
177,225,969,0,,,
178,233,167,0,,,
179,233,723,0,,,
180,233,1192,1,,,
181,233,290,0,,,
182,233,969,0,,,
183,521,1029,0,,,
184,521,1378,0,,,
185,521,723,1,,,
186,521,1192,0,,,
187,521,969,0,"mueller, nyt","FDF ministers resigned on 16 January 1980, following conflict over regionalisation,",
188,278,1029,0,,,
189,278,1378,0,,,
190,266,1110,0,mueller,,
191,266,454,0,mueller,,
192,278,723,1,,,
193,278,1192,0,,,
194,266,1029,0,,,
195,266,1378,0,,,
196,266,723,1,,,
197,266,1192,0,,,
198,429,1029,0,,,
199,429,1378,0,,,
200,429,723,1,,,
201,429,1192,0,,,
202,724,1110,0,,,
203,724,454,0,,,
204,724,723,1,,,
205,724,1192,0,,,
206,375,1110,0,,,
207,375,454,0,,,
208,375,723,1,,,
209,375,1192,0,,,
210,92,1110,0,,,
211,92,454,0,,,
212,92,723,1,,,
213,92,1192,0,,,
214,457,1029,0,,,
215,457,1378,0,,,
216,457,723,1,,,
217,457,1192,0,,,
218,457,290,0,reuters,VU ministers withdrew from cabinet on 29 September 1991 over a dispute on arms trade.,
219,570,1029,0,,,
220,570,1378,0,,,
221,570,723,1,,,
222,570,1192,0,,,
223,624,1029,0,,,
224,624,1378,0,,,
225,624,723,1,,,
226,624,1192,0,,,
227,95,1029,0,,,
228,95,1378,0,,,
229,95,723,1,,,
230,95,1192,0,,,
231,193,161,0,,,
232,193,1594,0,,,
233,193,1029,0,,,
234,193,1378,0,,,
235,193,1110,1,,,
236,193,168,0,,,
237,449,1113,0,,,
238,449,1378,0,,,
239,449,1110,1,,,
240,449,915,0,,,
241,608,368,1,,,
242,534,368,1,,,
243,249,794,1,,,
244,857,368,1,,,
245,415,368,1,,,
246,565,368,1,,,
247,696,368,1,,,
248,25,368,1,,,
249,783,368,1,,,
250,751,794,1,,,
251,70,368,1,,,
252,670,368,1,,,
253,498,794,1,,,
254,739,794,1,,,
255,704,794,1,,,
256,785,368,1,,,
257,182,368,1,,,
258,55,368,1,,,
259,103,368,1,,,
264,645,1575,1,,,
265,645,851,0,,,
266,645,1071,0,,,
267,731,945,0,,,
268,731,1575,1,,,
269,731,851,0,,,
270,731,1151,0,,,
271,342,572,0,,,
272,342,945,0,,,
273,342,851,1,,,
274,262,743,1,,,
275,165,1123,0,,,
276,165,1245,0,,,
277,165,829,1,,,
278,136,1123,0,ap,"Civic Democratic Alliance (ODA) withdrew from cabinet on 29 November 1997, following the Christian Democrats (KDU), over a campaign finance scandal.",
279,136,1245,0,ap,Christian Democrats (KDU) withdrew from cabinet on 28 November 1997 over a campaign finance scandal.,
280,136,829,1,ap,,
281,76,1123,0,,,
282,76,829,0,mue-rom,,
283,76,1245,1,,,
284,443,789,1,,,
285,504,789,1,afp,,
286,504,688,0,afp,,
287,504,1245,0,afp,,
288,580,789,1,,,
289,580,688,0,,,
290,580,1245,0,,"Christian Democrats pulled out of government on 30 March 2005, Previously, they demanded the resignation of PM Gross.",
291,15,789,1,afp,,
292,15,688,0,afp,,
293,15,1245,0,afp,,
294,10,1239,0,,,
295,10,1629,1,,,
296,10,211,0,,,
297,10,1605,0,,,
298,10,590,0,,,
299,10,412,0,,,
300,387,1605,1,nyt,,
301,408,1629,1,mueller,,
302,36,1605,1,mueller,,
303,853,1629,1,mueller,,
304,359,1605,1,mueller,,
305,218,1629,1,mueller,,
306,51,1629,1,mueller,,
307,51,211,0,mueller,,
308,51,1606,0,mueller,,
309,467,1629,1,mueller,,
310,467,211,0,mueller,,
311,467,1606,0,mueller,,
312,456,1629,1,mueller,,
313,456,211,0,mueller,,
314,841,1629,1,mueller,,
315,841,211,0,mueller,,
316,660,1629,1,mueller,,
317,596,211,1,mueller,,
318,596,1605,0,mueller,,
319,596,590,0,mueller,,
320,345,1629,1,mueller,,
321,320,1629,1,mueller,,
322,744,1605,1,mueller,,
323,50,1629,1,mueller,,
324,824,1629,1,mueller,,
325,824,1605,0,mueller,,
326,379,1629,1,mueller,,
327,275,1629,1,mueller,,
328,819,1324,0,mueller,,
329,819,1605,0,mueller,,
330,819,1331,0,mueller,,
331,819,590,1,mueller,,
332,837,1324,0,mueller,,
333,837,1605,0,mueller,,
334,837,1331,0,mueller,,
335,837,590,1,mueller,,
336,57,211,0,mueller,,
337,57,1605,0,mueller,,
338,57,590,1,mueller,,
339,11,1605,0,mueller,,
340,11,590,1,mueller,,
341,740,1629,1,mueller,,
342,740,1324,0,mueller,,
343,740,211,0,mueller,,
344,740,1331,0,mueller,,
345,189,1629,1,reuters,,
346,189,1324,0,reuters,Centre Democrats (CD) announced on 20 December 1996 to leave the cabinet over the increased dependence of the cabinet on far left party support but to keep supporting it. The party's ministers resigned on 30 December.,
347,189,211,0,reuters,,
348,255,1629,1,reuters,,
349,255,211,0,reuters,,
350,630,1629,1,mueller,,
351,630,211,0,mueller,,
352,482,1605,1,ejpr,,
353,482,590,0,ejpr,,
354,316,1605,1,ejpr,,
355,316,590,0,ejpr,,
356,564,1448,0,,,
357,564,552,0,,,
358,564,243,1,,,
359,4,1448,0,,,
360,4,552,0,,,
361,4,243,0,,,
362,4,1395,0,,,
363,604,1137,0,mue-rom,,
364,530,486,1,mue-rom,,
365,530,113,0,,,
366,271,486,1,mue-rom,,
367,303,486,1,mue-rom,,
368,480,1448,0,,,
369,480,113,0,mue-rom,,
370,480,846,1,,,
371,152,1137,0,,,
372,152,113,1,,,
373,138,113,0,,,
374,138,428,1,,,
375,138,417,0,,,
376,274,1137,0,,,
377,274,113,1,,,
378,274,417,0,,,
379,815,1292,0,,,
380,815,395,0,,,
381,815,1219,0,,,
382,815,94,0,,,
383,815,585,0,,,
384,125,1292,1,,,
385,125,395,0,,,
386,125,94,0,,,
387,125,585,0,,,
388,78,395,1,,,
389,872,1219,0,,,
390,872,94,1,,,
391,872,585,0,,,
392,639,395,0,valt,,
393,639,1219,0,valt,,
394,639,94,1,valt,,
395,200,395,0,,,
396,200,94,1,,,
397,200,585,0,,,
398,232,94,1,,,
399,232,585,0,,,
400,738,1219,1,,,
401,738,1118,0,,,
402,738,94,0,,,
403,738,585,0,,,
404,161,395,0,,,
405,161,94,0,,,
406,161,585,1,,,
407,685,395,0,,,
408,685,94,1,,,
409,373,395,1,valt,,
410,373,94,0,valt,,
411,373,585,0,valt,,
412,747,1219,0,mueller,,
413,747,94,1,mueller,,
414,747,585,0,nyt,RKP-SFP ministers resigned on 2 July 1957 objecting delays in the government's economic stabilization program.,
415,552,395,1,valt,,
416,552,1118,0,valt,,
417,552,94,0,"nyt, valt",Centre party ministers resigned on 27 November 1958 over disagreement on policy towards the Soviet Union.,
418,552,585,0,valt,,
419,230,94,1,valt,,
420,230,585,0,"nyt, valt",Minister of Foreign Affairs Johan Törngren (RKP-SFP) served as a private person in cabinet. The party is coded at government.fi but not in Müller/Strøm (2000).,
421,598,94,1,valt,,
422,764,1108,0,"valt, nyt",All three Social Democratic (TPSL) ministers resigned on 18 October 1963. ,
423,764,1118,0,valt,,
424,764,94,1,valt,,
425,764,585,0,valt,Swedish People's Party (RKP-SFP) opposed income and property tax increases leading to the end of the cabinet in December 1963.,
426,139,1118,0,valt,,
427,139,94,1,valt,,
428,139,585,0,valt,,
429,339,1292,0,,,
430,339,395,1,,,
431,339,1108,0,,,
432,339,94,0,,,
433,203,1292,0,,,
434,203,395,1,,,
435,203,1108,0,,,
436,203,94,0,,,
437,203,585,0,,,
438,115,1292,0,"keesings, valt",SKDL MPs refused to vote for a government bill involvinhg price control relaxation on 17 March 1971 but the three SKDL ministers did not offer to resign.,
439,115,395,0,valt,,
440,115,1219,0,valt,,
441,115,94,1,valt,,
442,115,585,0,valt,,
443,618,395,1,,,
444,769,395,1,,,
445,769,1219,0,,,
446,769,94,0,,,
447,769,585,0,,,
448,476,1292,0,,,
449,476,395,0,,,
450,476,1219,0,,,
451,476,94,1,,,
452,476,585,0,,,
453,848,1219,0,,,
454,848,94,1,,,
455,848,585,0,,,
456,466,1292,0,valt,,
457,466,395,1,valt,,
458,466,1219,0,valt,,
459,466,94,0,valt,,
460,466,585,0,valt,,
461,776,1292,0,valt,,
462,776,395,1,valt,,
463,776,94,0,valt,,
464,776,585,0,valt,,
465,378,1292,0,"nyt, valt",SKDL opposed government bill to increase defense spending on 30 December 1982.,
466,378,395,1,valt,,
467,378,94,0,valt,,
468,378,585,0,valt,,
469,650,395,1,,,
470,650,94,0,,,
471,650,200,0,,,
472,650,585,0,,,
473,614,395,0,valt,,
474,614,1118,1,valt,,
475,614,200,0,valt,,
476,614,585,0,valt,,
477,831,1463,0,"ejpr, valt",Toimi Kankaanniemi resigned on 20 June 1994 in opposition to the EU membership agreement.,
478,831,1118,0,valt,,
479,831,94,1,,,
480,831,585,0,,,
481,100,1062,0,,,
482,100,395,1,valt,,
483,100,1118,0,valt,,
484,100,585,0,valt,,
485,352,1062,0,"reuters, valt",Greens (VIHR) party group decided to resign from the cabinet opposing plans to build a new nuclear power plant (Reuters).,
486,352,1427,0,valt,,
487,352,395,1,valt,,
488,352,1118,0,valt,,
489,352,585,0,valt,,
490,877,395,0,valt,,
491,877,94,1,valt,,
492,877,585,0,valt,,
493,759,395,0,valt,,
494,759,94,1,valt,,
495,759,585,0,valt,,
496,329,686,0,,,
497,329,1539,0,,,
498,329,401,0,,,
499,329,1086,0,,,
500,329,1094,0,,,
501,329,1297,0,,,
502,411,686,0,,,
503,411,1539,0,,,
504,411,401,0,,,
505,411,1086,0,,,
506,411,1094,0,,,
507,648,686,0,,,
508,648,1539,1,,,
509,648,1086,0,,,
510,150,686,0,,,
511,150,1539,0,,,
512,150,1086,1,,,
513,52,1539,1,,,
514,330,686,0,,,
515,330,1539,1,,,
516,330,401,0,,,
517,330,1086,0,,,
518,330,1094,0,,,
519,330,1297,0,,,
520,191,1539,1,,,
521,191,401,0,,,
522,191,1086,0,,,
523,191,1297,0,,,
524,753,1539,0,,,
525,753,401,0,,,
526,753,1086,1,,,
527,753,1094,0,,,
528,753,1297,0,,,
529,263,1539,0,,,
530,263,401,1,,,
531,263,1086,0,,,
532,263,1297,0,,,
533,363,1539,0,,,
534,363,401,0,,,
535,363,1086,1,,,
536,363,1094,0,,,
537,363,1297,0,,,
538,355,401,1,,,
539,82,401,1,,,
540,82,1086,0,,,
541,636,1539,0,,,
542,636,401,0,,,
543,636,1086,1,,,
544,636,1094,0,,,
545,636,1297,0,,,
546,758,401,1,,,
547,758,1086,0,,,
548,758,1094,0,,,
549,758,1297,0,,,
550,367,1539,0,,,
551,367,401,0,,,
552,367,1086,0,,,
553,367,1094,1,,,
554,367,1297,0,,,
555,104,1539,0,,,
556,104,401,1,,,
557,104,1086,0,,,
558,104,1094,0,,,
559,104,1297,0,,,
560,826,401,0,,,
561,826,1086,0,,,
562,826,1094,1,,,
563,826,1297,0,,,
564,32,401,1,,,
565,32,1086,0,,,
566,32,1094,0,,,
567,32,1297,0,,,
568,658,401,0,,,
569,658,1086,0,,,
570,658,1094,0,,,
571,658,1297,1,,,
572,557,401,1,,,
573,557,1086,0,,,
574,557,1094,0,,,
575,557,1297,0,,,
576,400,401,0,,,
577,400,1086,0,,,
578,400,1094,0,,,
579,400,1297,1,,,
580,414,401,1,,,
581,414,1086,0,,,
582,414,1094,0,,,
583,414,1297,0,,,
584,397,401,1,,,
585,397,1086,0,,,
586,397,1094,0,,,
587,397,1297,0,,,
588,591,1539,1,,,
589,591,401,0,,,
590,209,1539,0,,,
591,209,401,1,,,
592,209,1094,0,,,
593,458,1539,0,,,
594,458,401,1,,,
595,458,1086,0,,,
596,458,1094,0,,,
597,458,1297,0,,,
598,594,1539,0,,,
599,594,401,0,,,
600,594,1086,1,,,
601,594,1094,0,,,
602,594,1297,0,,,
603,197,1539,0,,,
604,197,401,0,,,
605,197,1086,0,,,
606,197,1297,0,,,
607,692,401,0,,,
608,692,1086,0,,,
609,692,1094,1,,,
610,692,1297,0,,,
611,526,1086,0,,,
612,526,1094,0,,,
613,526,1297,0,,,
614,698,1094,0,,,
615,698,59,0,,,
616,349,1094,0,,,
617,349,59,0,,,
618,662,1094,1,,,
619,662,59,0,,,
620,93,1094,1,,,
621,93,59,0,,,
622,131,1094,0,,,
623,131,59,0,,,
624,111,1491,0,,,
625,111,1094,1,,,
626,111,59,0,,,
627,430,1491,0,,,
628,430,1094,1,,,
629,430,59,0,,,
630,607,885,0,,,
631,607,1094,1,,,
632,607,59,0,,,
633,17,885,0,,,
634,17,1094,1,,,
635,17,59,0,,,
636,159,213,0,,,
637,159,885,0,,,
638,159,1094,1,,,
639,159,59,0,,,
640,21,213,0,,,
641,21,1094,0,,,
642,21,59,0,,,
643,72,213,0,,,
644,72,885,0,,,
645,72,1094,0,,,
646,72,59,0,,,
647,771,138,0,,,
648,771,509,1,,,
649,866,1539,1,,,
650,866,1492,0,,,
651,116,686,0,,,
652,116,1539,1,,,
653,116,1492,0,,,
654,428,686,0,,,
655,428,1539,1,,,
656,428,1492,0,,,
657,843,1539,1,,,
658,843,1492,0,,,
659,290,138,1,,,
660,290,509,0,,,
661,240,1539,1,,,
662,240,509,0,,,
663,712,1539,1,,,
664,712,509,0,,,
665,229,1539,1,,,
666,199,1539,1,,,
667,199,1492,0,,,
668,318,509,0,,,
669,318,138,1,,,
670,244,509,0,,,
671,244,138,1,,,
672,422,509,0,,,
673,422,138,1,,,
674,481,873,0,,,
675,481,686,0,,,
676,481,1539,1,,,
677,481,177,0,,,
678,711,509,0,,,
679,711,138,1,,,
680,820,509,0,,,
681,820,658,1,,,
682,802,509,0,,,
683,802,658,1,,,
684,46,509,0,,,
685,46,658,1,,,
686,147,543,0,,,
687,147,808,1,,,
688,147,1180,0,,,
689,147,912,0,,,
690,192,543,0,,,
691,192,808,1,,,
692,192,1180,0,,,
693,192,912,0,,,
694,192,1507,0,dhbt,"GB/BHE ministers left party group and joined Christian Democratis (CDU) on 15 July 1955 (guest status until 20 March 1956) (Schindler 1999, 916).",
695,793,808,1,,,
696,793,1180,0,,,
697,793,912,0,"dhbt, nyt",The two ministers of the German Party (DP) left their parliamentary group on 1 July 1960 and later joined the Christian Democrats (CDU).,
698,62,543,0,nyt,FDP ministers resigned on 19 November 1962 following the Spiegel scandal but reentered the government on 13 December.,
699,62,808,1,,,
700,62,1180,0,,,
701,31,543,0,,,
702,31,808,1,,,
703,31,1180,0,,,
704,326,543,0,,Ministers withdrew from cabinet in conflict over potential tax increases.,
705,326,808,1,,,
706,326,1180,0,,,
707,170,558,0,,,
708,170,808,1,,,
709,170,1180,0,,,
710,358,558,1,,,
711,358,543,0,,Several MPs left the FDP party group and joined the CDU in opposition to the Ostpolitik.,
712,871,558,1,,,
713,871,543,0,,,
714,252,558,1,,,
715,252,543,0,,,
716,459,558,1,,,
717,459,543,0,,,
718,343,558,1,,,
719,343,543,0,,Ministers resigned on 17 September 1982 in conflict over social and tax policies.,
720,642,543,0,,,
721,642,808,1,,,
722,642,1180,0,,,
723,346,543,0,,,
724,346,808,1,,,
725,346,1180,0,,,
726,286,543,0,,,
727,286,808,1,,,
728,286,1180,0,,,
729,862,543,0,,,
730,862,808,1,,,
731,862,1180,0,,,
732,778,543,0,,,
733,778,808,1,,,
734,778,1180,0,,,
735,107,772,0,,,
736,107,558,1,,,
737,529,772,0,,,
738,529,558,1,,,
739,85,558,0,,,
740,85,808,1,,,
741,85,1180,0,,,
742,609,47,1,,,
743,865,47,1,,,
744,531,47,1,,,
745,713,1338,1,,,
746,60,1338,1,,,
747,39,1338,1,,,
748,782,1441,0,,,
749,782,47,1,,,
750,454,1338,0,,,
751,454,47,0,,,
752,362,47,1,,,
753,74,1338,1,,,
754,281,1338,1,,,
755,33,1338,1,,,
756,190,1338,1,,,
757,876,47,1,,,
758,369,546,1,,,
759,369,434,0,,,
760,369,870,0,,,
761,13,546,1,,,
762,13,434,0,,,
763,13,870,0,,,
764,488,1591,1,,,
765,488,1426,0,,,
766,827,546,0,,,
767,827,921,1,,,
768,827,870,0,,,
769,302,1591,1,,,
770,302,1426,0,,,
771,188,1591,1,,,
772,188,1426,0,,,
773,703,1319,0,indridason,,
774,703,228,0,indridason,,
775,703,1342,1,indridason,,
776,742,228,1,indridason,,
777,742,1342,0,indridason,,
778,742,1455,0,indridason,,
779,625,1342,1,indridason,,
780,766,1342,0,indridason,,
781,766,1455,1,indridason,,
782,762,1342,1,nyt,,
783,762,1455,0,nyt,Progressives (F) decided to withdraw from government at the beginning of March 1956 over the presence of United States troops in Iceland. It formally withdrew in a letter to the president on 26 March (NYT).,
784,664,1360,0,nyt,,
785,664,228,0,nyt,,
786,664,1455,1,nyt,,
787,446,228,1,indridason,,
788,331,228,0,indridason,,
789,331,1342,1,indridason,,
790,553,228,0,indridason,,
791,553,1342,1,indridason,,
792,321,228,0,indridason,,
793,321,1342,1,indridason,,
794,272,1360,0,indridason,,
795,272,53,0,indridason,,
796,272,1455,1,indridason,,
797,849,1342,1,indridason,,
798,849,1455,0,indridason,,
799,673,1360,0,indridason,,
800,673,228,0,keesings,Social Democratic ministers resigned on 9 October 1979.,
801,673,1455,1,indridason,,
802,536,228,1,indridason,,
803,752,1360,0,indridason,,
804,752,1342,1,indridason,,
805,752,1455,0,indridason,,
806,393,1342,0,indridason,,
807,393,1455,1,indridason,,
808,279,228,0,indridason,,
809,279,1342,1,indridason,,
810,279,1455,0,indridason,,
811,301,1360,0,indridason,,
812,301,228,0,indridason,,
813,301,1455,1,indridason,,
814,127,1360,0,indridason,,
815,127,228,0,indridason,,
816,127,828,0,indridason,,
817,127,1455,1,indridason,,
818,640,228,0,indridason,,
819,640,1342,1,indridason,,
820,158,1342,1,indridason,,
821,158,1455,0,indridason,,
822,177,1342,1,indridason,,
823,177,1455,0,indridason,,
824,130,1342,1,ejpr,,
825,130,1455,0,ejpr,,
826,151,280,1,,,
827,154,318,0,,,
828,154,1393,1,,,
829,154,92,0,,,
830,154,923,0,,,
831,643,280,1,,,
832,626,318,0,,,
833,626,1393,1,,,
834,626,923,0,,,
835,523,280,1,,,
836,364,280,1,,,
837,667,280,1,,,
838,217,280,1,,,
839,602,280,1,,,
840,863,280,1,,,
841,315,318,0,,,
842,315,1393,1,,,
843,794,280,1,,,
844,442,280,1,,,
845,335,318,0,,,
846,335,1393,1,,,
847,54,280,1,,,
848,867,318,0,,,
849,867,1393,1,,,
850,77,280,1,,,
851,215,651,0,,,
852,215,280,1,,,
853,870,651,0,,,
854,870,280,1,,,
855,748,318,0,,,
856,748,280,1,,,
857,573,1580,0,,,
858,573,318,0,,,
859,573,1393,1,,,
860,126,651,0,,,
861,126,280,1,,,
862,179,651,0,,,
863,179,280,1,,,
864,416,1088,0,,,
865,416,1475,0,,,
866,416,93,0,,,
867,416,1633,1,,,
868,525,1088,0,,,
869,525,1475,0,,,
870,525,1633,1,,,
871,501,242,0,,,
872,501,93,0,,,
873,501,487,0,,,
874,501,1633,1,,,
875,676,242,0,,,
876,676,93,0,,,
877,676,487,0,,,
878,676,1633,1,,,
879,123,242,0,,,
880,123,93,0,,,
881,123,1633,1,,,
882,597,93,0,,,
883,597,1633,1,,,
885,603,1633,1,,,
886,90,1633,1,,,
887,796,242,0,,,
888,796,487,0,,,
889,796,1633,1,,,
890,250,242,0,,,
891,250,487,0,,,
892,250,1633,1,,,
893,280,1633,1,,,
894,880,242,0,,,
895,880,1633,1,,,
896,372,1633,1,,,
897,615,1633,1,,,
898,810,1633,1,,,
899,347,242,0,,,
900,347,93,0,,,
901,347,1633,1,,,
902,511,1633,1,,,
903,818,1475,0,,,
904,818,242,0,,,
905,818,93,0,,,
906,818,1633,1,,,
911,433,1475,0,,,
912,433,242,0,,,
913,433,93,0,,,
914,433,1633,1,,,
915,183,1633,1,,,
916,554,93,0,,,
917,554,1633,1,,,
918,548,1633,1,,,
919,113,1008,0,,,
920,113,93,0,,,
921,113,1633,1,,,
922,89,1008,0,,,
923,89,93,0,,,
924,89,1633,1,,,
925,398,1633,1,,,
926,439,242,0,,,
927,439,487,0,,,
928,439,1633,1,,,
929,24,1475,0,,,
930,24,242,0,,,
931,24,93,0,,,
932,24,1633,1,,,
933,317,1475,0,,,
934,317,242,0,,,
935,317,1633,1,,,
936,149,93,0,,,
937,149,1633,1,,,
938,842,1633,1,,,
939,140,1633,1,,,
940,245,1633,1,,,
941,638,242,0,,,
942,638,93,0,,,
943,638,1633,1,,,
944,578,242,0,,,
945,578,487,0,,,
946,578,1633,1,,,
947,86,1475,0,,,
948,86,93,0,,,
949,86,1633,1,,,
950,464,1475,0,,,
951,464,242,0,,,
952,464,93,0,,,
953,464,1633,1,,,
954,674,1475,0,nyt,Socialists (PSI) ministers resigned on 5 August 1982 over an austerity bill announcing the resignation the day before.,
955,674,242,0,,,
956,674,93,1,,,
957,674,487,0,,,
958,674,1633,0,,,
959,87,1475,0,,,
960,87,242,0,,,
961,87,487,0,,,
962,87,1633,1,,,
963,84,1475,0,,,
964,84,242,0,,,
965,84,487,0,,,
966,84,1633,0,,,
967,334,1475,1,,,
968,334,242,0,,,
969,334,93,0,,,
970,334,487,0,,,
971,334,1633,0,,,
972,293,1475,1,,,
973,293,242,0,,,
974,293,93,0,,,
975,293,487,0,,,
976,293,1633,0,,,
977,737,1633,1,,,
978,756,1475,0,,,
979,756,242,0,,,
980,756,93,0,,,
981,756,487,0,,,
982,756,1633,1,,,
983,809,1475,0,,,
984,809,242,0,,,
985,809,93,0,,,
986,809,487,0,,,
987,809,1633,1,,,
988,460,1475,0,nyt,Socialist Party (PSI) fostered a cabinet crisis when it announced on 26 March 1991 that Italy needed a new government (NYT). ,
989,460,242,0,,,
990,460,93,0,,,
991,460,487,0,,,
992,460,1633,1,,,
993,202,1475,0,reuters,,
994,202,242,0,reuters,,
995,202,487,0,reuters,,
996,202,1633,1,reuters,,
997,176,1475,1,,,
998,176,242,0,,,
999,176,487,0,,,
1000,176,1633,0,,,
1001,801,1475,0,,,
1002,801,242,0,,,
1003,801,487,0,,,
1004,801,1633,0,,,
1005,672,373,0,afp,,
1006,672,99,0,afp,,
1007,672,596,1,afp,,
1008,672,1436,0,afp,Northern League (LN) announced on 17 December 1994 to bring down the government through a confidence vote.,
1009,276,910,0,,,
1010,276,809,0,,,
1011,276,350,0,,,
1012,276,840,1,,,
1013,214,910,0,mueller,,
1014,214,809,1,"mueller, reuters",,
1015,214,630,0,mueller,,
1016,214,840,0,mueller,,coding of alliance party_id to match seat in 'election_result'
1017,522,910,0,reuters,,
1018,522,809,1,,,
1019,522,1661,0,reuters,,
1020,522,630,0,reuters,,
1021,522,840,0,reuters,,
1022,239,910,0,,,
1023,239,809,0,ejpr,,
1024,239,1661,0,ejpr,,
1025,239,630,0,ejpr,,
1026,239,840,0,ejpr,,
1027,256,373,0,,,
1028,256,596,1,,,
1029,256,1436,0,,,
1030,567,93,0,,,
1031,567,596,1,,,
1032,567,373,0,,,
1033,567,1436,0,,,
1034,567,1287,0,,,
1035,241,1193,1,,,
1036,48,1193,1,,,
1037,649,1193,1,,,
1038,8,1193,1,,,
1039,787,1193,1,,,
1040,789,1193,1,,,
1041,656,1193,1,,,
1042,502,1193,1,,,
1043,59,1193,1,,,
1044,337,1193,1,,,
1045,227,1193,1,,,
1046,727,1193,1,,,
1047,180,1193,1,,,
1048,242,1193,1,,,
1049,568,1193,1,,,
1050,568,170,0,,,
1051,146,1193,1,,,
1052,283,1193,1,,,
1053,743,1193,1,,,
1054,106,1193,1,,,
1055,213,1193,1,,,
1056,253,1193,1,,,
1057,417,940,0,reuters,,
1058,417,1053,0,reuters,,
1059,417,86,0,reuters,,
1060,417,837,0,reuters,,
1061,417,547,0,reuters,,
1062,417,1327,1,reuters,,
1063,432,1053,0,,,
1064,432,837,0,,,
1065,417,1146,0,reuters,,
1066,432,547,1,,,
1067,432,1327,0,,,
1068,868,940,1,,,
1069,868,1193,0,,,
1070,868,1146,0,,,
1071,800,940,0,,,
1072,800,1193,1,,,
1073,800,1146,0,,,
1074,371,1193,1,,,
1075,665,837,0,"afp, ejpr",,
1076,665,1193,1,"afp, ejpr",,
1077,665,462,0,"afp, ejpr",,
1078,211,837,0,ejpr,,
1079,211,1193,1,ejpr,,
1080,211,1382,0,ejpr,,
1081,840,837,0,,,
1082,840,1193,1,,,
1083,840,1382,0,,,
1084,770,837,0,ejpr,,
1085,770,1193,1,ejpr,,
1086,595,42,1,,,
1087,434,526,1,,,
1088,434,1368,0,,,
1089,201,278,0,,New party group formed during the legislative term.,
1090,201,526,1,,,
1091,235,759,0,conrad,,
1092,235,526,0,conrad,,
1093,235,239,0,conrad,,
1094,235,1557,0,conrad,,
1095,235,203,0,conrad,,
1096,235,1042,0,conrad,,
1097,377,759,0,conrad,,
1098,377,526,0,conrad,,
1099,377,239,0,conrad,,
1100,377,1557,0,conrad,,
1101,377,203,0,conrad,,
1102,878,759,0,conrad,,
1103,878,526,0,conrad,,
1104,878,239,0,conrad,,
1105,878,521,1,conrad,,
1106,2,526,0,conrad,,
1107,2,1368,0,conrad,,
1108,2,521,1,conrad,,
1109,682,526,1,,,
1110,682,521,0,,,
1111,682,550,0,,,
1112,110,526,0,mue-rom,,
1113,110,811,1,mue-rom,,
1114,110,521,0,mue-rom,,
1115,23,526,1,,,
1116,23,811,0,,,
1117,23,521,0,,,
1118,23,550,0,,,
1119,661,466,0,,,
1120,661,1518,1,,,
1121,661,521,0,,,
1122,661,1043,0,rferl,LPP withdraws from coaltion on 28 January 2004 after the dismissal of Ainars Slesers as deputy prime minister on 26 January.,
1123,153,466,1,,,
1124,153,811,0,,,
1125,153,1043,0,,,
1126,228,466,0,,,
1127,228,1518,0,,,
1128,228,811,1,,,
1129,228,1043,0,,,
1130,546,48,0,,,
1131,684,519,1,,,
1132,811,519,1,,,
1133,91,519,1,,,
1134,47,887,0,,,
1135,47,675,0,,,
1136,47,1045,1,,,
1137,444,675,0,,,
1138,444,1045,1,,,
1139,735,675,0,,,
1140,735,1045,1,,,
1141,304,856,0,,,
1142,304,378,1,mue-rom,,
1143,405,856,0,,,
1144,287,1277,1,,,
1145,287,1438,0,,,
1146,287,581,0,,,
1147,287,856,0,,,
1148,340,701,0,,,
1149,340,1234,1,,,
1150,174,151,0,,,
1151,174,701,0,,,
1152,174,967,0,,,
1153,174,1234,1,,,
1154,395,967,0,,,
1155,395,1234,1,,,
1156,799,967,0,,,
1157,799,1234,1,,,
1158,360,701,0,,,
1159,360,1234,1,,,
1160,532,701,0,,,
1161,532,1234,1,,,
1162,500,701,0,,,
1163,500,1234,1,,,
1164,544,701,0,"mueller, nyt",LSAP ministers left government after CSV joined a vote of non-confidence against an LSAP minister.,
1165,544,1234,1,,,
1166,832,967,0,,,
1167,832,1234,1,,,
1168,491,701,0,,,
1169,491,1234,1,,,
1170,101,967,0,,,
1171,101,1234,1,,,
1172,655,701,0,,,
1173,655,967,1,,,
1174,27,967,0,,,
1175,27,1234,1,,,
1176,175,701,0,,,
1177,175,1234,1,,,
1178,418,701,0,,,
1179,418,1234,1,,,
1180,222,701,0,,,
1181,222,1234,1,,,
1182,621,701,0,,,
1183,621,1234,1,,,
1184,196,967,0,,,
1185,196,1234,1,,,
1186,12,701,0,,,
1187,12,1234,1,,,
1188,589,984,1,,,
1189,681,984,1,,,
1190,295,1003,1,,,
1191,816,1003,1,,,
1192,606,1003,1,,,
1193,83,1003,1,,,
1194,122,1003,1,,,
1195,3,984,1,,,
1196,881,984,1,,,
1197,299,1003,1,,,
1198,582,984,1,,,
1199,160,984,1,,,
1200,298,984,1,,,
1201,767,1451,0,,,
1202,767,1117,0,,,
1203,767,405,0,,,
1204,767,300,0,,,
1205,96,742,0,,,
1206,96,1409,0,,,
1207,96,451,1,,,
1208,128,742,1,,,
1209,128,1409,0,,VVD supported a no-confidence vote opposing colonial policy in New Guinea. The vote got no majoriy in parliament but minister of foreign affairs Dirk Stikker resigned a day later leading to the fall of the cabinet.,
1210,128,451,0,,,
1211,128,405,0,,,
1212,243,742,1,,,
1213,243,1409,0,,,
1214,243,451,0,,,
1215,243,405,0,,,
1216,366,742,1,,,
1217,366,451,0,,,
1218,366,300,0,,,
1219,366,405,0,,,
1220,761,742,1,keesings,Socialist ministers resigned on 12 December 1958 following a defeat in parliament on a vote to extend a temporary tax increase.,
1221,761,451,0,,,
1222,761,300,0,,,
1223,761,405,0,,,
1224,741,451,1,,,
1225,741,300,0,,,
1226,741,405,0,,,
1227,694,1409,0,,,
1228,694,451,1,,,
1229,694,300,0,,,
1230,694,405,0,,,
1231,35,1409,0,,,
1232,35,451,1,,,
1233,35,300,0,,,
1234,35,405,0,,,
1235,518,742,0,,,
1236,518,451,1,,,
1237,518,300,0,,,
1238,455,451,0,,,
1239,455,300,1,,,
1240,172,1409,0,,,
1241,172,451,1,,,
1242,172,300,0,,,
1243,172,405,0,,,
1244,231,1409,0,,,
1245,231,451,0,,,
1246,231,300,1,,,
1247,231,402,0,,Party left government in opposition to budget cuts.,
1248,231,405,0,,,
1249,291,1409,0,,,
1250,291,451,0,,,
1251,291,300,1,,,
1252,291,405,0,,,
1253,765,742,1,,,
1254,765,342,0,,,
1255,765,345,0,,,
1256,765,451,0,nyt,Christian Democratic (KVP and ARP) ministers announced their resignation from cabinet on 22 March 1977 leading to the resignation of the entire cabinet.,
1257,765,300,0,,Christian Democratic (KVP and ARP) ministers announced their resignation from cabinet on 22 March 1977 leading to the resignation of the entire cabinet.,
1258,563,1409,0,,,
1259,563,235,1,,,
1260,258,742,0,,Ministers left cabinet in conflict over budget cuts.,
1261,258,345,0,,,
1262,258,235,1,,,
1263,6,345,0,,,
1264,6,235,1,,,
1265,270,1409,0,,,
1266,270,235,1,,,
1267,550,1409,0,,Parliamentary group did not support tax policy decision of cabinet ('reiskostenforfait').,
1268,550,235,1,,,
1269,148,742,0,,,
1270,148,235,1,,,
1271,637,742,1,,,
1272,637,345,0,,,
1273,637,1409,0,,,
1274,749,742,1,,,
1275,749,345,0,,,
1276,749,1409,0,,,
1277,763,1409,0,,,
1278,763,235,1,,,
1279,763,456,0,,,
1280,124,345,0,w,Party group withdrew coalition support over the Ayaan Hirsi Ali identity fraud controversy.,
1281,124,1409,0,,,
1282,124,235,1,,,
1283,474,878,1,,,
1284,717,997,1,,,
1285,410,997,1,,,
1286,629,997,1,,,
1287,869,878,1,,,
1288,701,997,1,,,
1289,668,997,1,,,
1290,344,997,1,,,
1291,569,997,1,,,
1292,97,878,1,,,
1293,413,878,1,,,
1294,285,997,1,,,
1295,669,997,1,,,
1296,259,997,1,,,
1297,121,878,1,,,
1298,611,878,1,,,
1299,307,878,1,,,
1300,571,878,1,,,
1301,473,997,1,reuters,,
1302,514,997,1,,,
1303,830,997,1,,,
1304,620,891,0,,,
1305,341,997,1,reuters,,
1306,341,891,0,reuters,New Zealand First leader Winston Peters was dismissed on 14 August 1998 following disagreement over a privatization issue.,
1307,388,997,1,reuters,,
1308,212,878,1,,,
1309,212,1444,0,,,
1310,845,878,1,,,
1311,845,354,0,,,
1312,666,104,1,reg-no,,
1313,58,104,1,mueller,,
1315,487,104,1,,,
1316,221,104,1,,,
1317,53,647,0,,,
1318,53,1538,0,,,
1319,53,1435,1,,,
1320,53,702,0,,,
1321,510,104,1,,,
1322,284,647,0,,,
1323,284,1538,0,,,
1324,284,1435,0,,,
1325,284,702,1,,,
1326,14,104,1,,,
1327,822,647,0,,,
1328,822,1538,1,,,
1329,822,702,0,,,
1330,56,104,1,reg-no,,
1331,520,104,1,reg-no,,
1332,81,104,1,,,
1333,485,1435,1,,,
1334,181,1538,0,,,
1335,181,1435,1,,,
1336,181,702,0,,,
1337,394,104,1,,,
1338,94,1538,0,reg-no,,
1339,94,1435,1,reg-no,,
1340,94,702,0,"nyt, reg-no",Party opposed relaxing laws for limits on foreign ownership leading to the fall of the cabinet.,
1341,588,104,1,,,
1342,813,104,1,,,
1343,45,647,0,,,
1344,45,1538,1,,,
1345,45,702,0,,,
1346,333,104,1,,,
1347,300,647,0,,,
1348,300,1538,1,,,
1349,300,1435,0,,,
1350,728,1077,0,,,
1351,728,1216,0,,,
1352,728,822,0,,,
1353,728,108,1,,,
1354,75,1216,0,,,
1355,75,1544,1,,,
1356,75,369,0,,,
1357,75,822,0,,,
1358,132,619,0,reuters,,
1359,68,1544,0,afp,,
1360,68,726,1,afp,,
1361,68,619,0,afp,,
1362,409,629,1,,,
1363,409,664,0,,,
1364,437,629,1,,,
1365,437,664,0,,,
1366,517,1104,0,,,
1367,517,1355,1,,,
1368,357,664,0,,,
1369,322,629,1,ejpr,,
1370,322,838,0,ejpr,,
1371,322,1140,0,ejpr,Democratic Left Alliance (SLD) splinter group formed 1 April 2004.,
1372,322,664,0,ejpr,,
1373,312,528,1,,,
1374,585,725,1,,,
1375,336,725,1,,,
1376,336,251,0,keesings,CDS ministers resigned on 24 July 1978 in conflict over agricultural and health policies.,
1377,549,1273,1,,,
1378,549,251,0,,,
1379,396,1273,1,,,
1380,396,251,0,,,
1381,396,107,0,,,
1382,135,1273,1,,,
1383,135,251,0,,,
1384,135,107,0,,,
1385,689,725,1,,,
1386,689,1273,0,nyt,Party quit coalition on 14 June 1985 over economic policy.,
1387,734,1273,1,times,,
1388,718,1273,1,ap,,
1389,282,1273,1,,,
1390,265,725,1,,,
1391,5,725,1,,,
1392,381,1273,1,,,
1393,381,251,0,,,
1394,314,1000,0,,,
1395,314,1659,1,,,
1396,399,1432,0,,,
1397,399,1000,0,,,
1398,436,1432,1,,,
1399,436,1000,0,,,
1400,690,1142,1,,,
1401,690,1072,0,,,
1402,817,1415,0,mue-rom,,
1403,817,1624,0,mue-rom,,
1404,817,1432,0,mue-rom,,
1405,817,1495,1,,,
1406,26,1563,0,mue-rom,,
1407,26,1142,1,mue-rom,,
1408,26,1072,0,mue-rom,,
1409,699,1415,0,,,
1410,699,1016,0,,,
1411,699,313,1,,,
1412,699,559,0,,,
1413,547,1364,1,,,
1414,547,1432,0,"ejpr, rferl",KDH withdrew from government on 6 February 2006 over religious issues and the three KDH minsters resigned two days later.,
1415,547,559,0,,,
1416,547,1200,0,,,
1417,527,1619,0,,,
1418,527,179,0,,,
1421,527,683,1,,,
1423,9,179,0,,,
1424,9,143,0,,,
1425,9,706,0,,,
1426,9,1252,1,,,
1427,9,1619,0,,,
1428,559,179,0,bbc,Party withdrew from coalition on 8 April 1994 after the dismissal of Defence Minister Janez Jansa on 28 March.,
1429,559,706,0,,,
1430,559,1252,1,,,
1431,559,683,0,,,
1432,644,1252,1,,,
1433,644,16,0,rferl,SLS ministers announced to resign on 15 April 2000 to form a new coalition.,
1434,644,1587,0,,,
1435,768,179,0,,,
1436,768,16,1,mue-rom,,
1437,505,706,0,,,
1438,505,1252,1,,,
1439,505,16,0,,,
1440,187,706,0,,,
1441,187,1252,1,,,
1442,187,16,0,ejpr,SLS ministers resigned on 7 April 2004 due to pressure by Prime Minister Rop and following a controversial vote.,
1443,187,1587,0,,,
1444,407,179,1,mue-rom,,
1445,407,16,0,mue-rom,,
1446,407,1047,0,mue-rom,,
1447,407,1587,0,mue-rom,,
1448,205,135,1,,,
1449,539,135,1,,,
1450,406,135,1,,,
1451,238,902,1,,,
1452,834,902,1,,,
1453,37,902,1,,,
1454,654,902,1,,,
1455,370,645,1,,,
1456,309,645,1,,,
1457,806,902,1,,,
1458,543,904,1,,,
1459,628,904,1,,,
1460,361,904,1,,,
1461,361,1461,0,,,
1462,207,904,1,mueller,,
1463,219,904,1,,,
1464,137,892,0,,,
1465,137,657,0,,,
1466,137,1461,1,,,
1467,587,892,1,,,
1468,16,892,0,,,
1469,16,657,0,"keesings, nyt",Moderate (Moderaterna) ministers left cabinet on 8 May 1982 in disagreement over a tax reform agreement of coalition partners with the Social Democratic Party.,
1470,16,1461,1,,,
1471,142,892,0,,,
1472,142,1461,1,,,
1473,647,904,1,,,
1474,478,904,1,,,
1475,220,904,1,mueller,,
1476,779,892,0,,,
1477,779,282,0,,,
1478,779,657,1,,,
1479,779,1461,0,,,
1480,528,904,1,,,
1481,156,904,1,,,
1482,503,904,1,,,
1483,641,904,1,,,
1484,99,1556,1,,,
1485,88,1556,1,,,
1486,691,773,1,,,
1487,729,773,1,,,
1488,404,773,1,,,
1489,237,773,1,,,
1490,63,773,1,,,
1491,760,1556,1,,,
1492,733,1556,1,,,
1493,216,773,1,,,
1494,419,1556,1,,,
1495,7,1556,1,,,
1496,590,1556,1,,,
1497,273,773,1,,,
1498,646,773,1,,,
1499,297,773,1,,,
1500,515,773,1,,,
1501,678,773,1,,,
1502,838,1556,1,,,
1503,19,1556,1,,,
1504,516,1556,1,,,
1531,825,1629,1,mueller,,
1532,206,94,1,valt,,
1533,206,1118,0,valt,,
1534,206,585,0,valt,,
1535,772,388,1,,,
1536,772,1007,0,dhbt,Ministers left party and parliamentary group (Peter-Michael Diestel on 30 June 1990 and Hans-Wilhelm Ebeling on 2 July).,
1537,772,907,0,dhbt,Party joined CDU on 5 August 1990.,
1538,772,985,0,,Party withdrew from coalition on 19 August 1990 and its ministers resigned a day later.,
1539,772,536,0,dhbt,"Parliamentary group (DFP, LDP, FDP, [BFD]; NDPD) with 23 seats. It withdrew from the coalition on 24 July 1990 but its ministers remained in cabinet.",
1540,549,107,0,,,
1541,328,1273,0,,,
1542,328,251,1,,,
1543,328,107,0,,,
1544,495,1277,1,ejpr,,
1545,688,293,1,afp,,
1546,688,983,0,afp,,
1547,688,482,0,afp,,
1548,686,113,1,w,,
1549,686,1597,0,w,,
1550,686,1448,0,"afp, reuters",Ministers were fired on 21 May 2009 after disputes over budget cuts and unemployment benefits.,
1551,680,811,1,ejpr,,
1552,680,466,0,ejpr,,
1553,680,662,0,mue-rom,,
1554,680,521,0,ejpr,,
1555,42,662,1,mue-rom,,
1556,42,811,0,ejpr,,
1557,42,466,0,ejpr,,
1558,42,521,0,ejpr,,
1559,475,657,1,afp,,
1560,475,1461,0,afp,,
1561,475,892,0,afp,,
1562,475,282,0,afp,,
1563,693,104,1,ejpr,,
1564,693,81,0,ejpr,,
1565,693,702,0,ejpr,,
1566,788,1605,1,ejpr,,
1567,788,590,0,ejpr,,
1568,600,829,1,reuters,,
1569,260,829,1,ejpr,,
1570,260,1245,0,ejpr,,
1571,260,196,0,ejpr,,
1572,555,1342,0,ejpr,,
1573,555,1455,1,ejpr,,
1574,246,1342,1,ejpr,,
1575,558,1342,1,ejpr,,
1576,558,1006,0,ejpr,,
1577,246,1455,0,ejpr,,
1578,185,220,1,ejpr,,
1579,185,1072,0,ejpr,,
1580,185,1142,0,ejpr,,
1581,234,1411,1,,,
1582,234,184,0,,,
1583,385,1253,1,,,
1584,356,528,1,ejpr,,
1585,356,987,0,ejpr,,
1586,356,207,0,"bbc, ejpr, nyt","SRP withdrew temporarily from the coalition after PM Kaczyński dismissed deputy prime minister and SRP party leader Andrzej Lepper on 22 September 2006. Lepper was re-appointed on 16 October and the coalition continued. 
PM Kaczyński  dismissed Lepper again on 9 July 2007 following corruption allegations. Lepper threatened to withdraw the SRP from government but the party decided to remain in government. On 8 August, the interior minister Janusz Kaczmarek was fired and the coalition ended shortly after.",
1587,164,512,1,ejpr,,
1588,164,664,0,ejpr,,
1589,453,723,1,,,
1590,453,1378,0,,,
1591,453,1029,0,,,
1592,453,1192,0,,,
1593,325,1591,1,,,
1594,325,1426,0,nzz,Free Democrats voted to leave coalition on 26 April 2009 in conflict over social and economic policy.,
1597,441,972,0,"ejpr, pc",New Flemish Alliance (NVA) did not have ministers in the cabinet.,"Source: Patrick Dumont, University of Luxembourg; personal communication 30 January 2012"
1599,441,1192,0,ejpr,,
1600,264,972,1,"reuters, pc",New Flemish Alliance (NVA) did not have ministers in the cabinet and withdrew its support on 21 September 2008.,"Source: Patrick Dumont, University of Luxembourg; personal communication 30 January 2012"
1601,264,915,0,reuters,,
1602,264,1378,0,reuters,,
1603,264,1110,0,reuters,,
1604,264,1192,0,reuters,,
1605,80,1310,1,,,
1606,80,915,0,,,
1607,80,1378,0,,,
1608,80,1110,0,,,
1609,80,1192,0,,,
1610,65,235,1,,,
1611,65,1409,0,,,
1612,69,235,1,,,
1613,69,742,0,,Party left government in oppostion to foreign policy on Afganistan troop deployments,
1614,69,1206,0,,,
1615,803,706,1,sta,,
1616,803,1252,0,sta,,
1617,803,326,0,sta,"Zares demanded a cabinet reshuffle, implying a replacement of the prime minister. When its demand were not met it announced on 20 June 2011 that it would leave the coalition and its ministers resigned a week later.",
1618,803,1587,0,sta,DeSUS council decided to leave coalition on 9 May 2011 following disagreement over pension reforms. Last DeSUS minister Roko Zarnic left party on 19 May 2011.,
1619,425,1160,1,,,
1620,425,1286,0,,,
1621,425,544,0,,,
1622,118,1015,1,,,
1623,118,948,0,,,
1624,445,904,1,mueller,,
1625,256,627,0,ejpr,,
1626,277,94,1,valt,,
1627,277,1118,0,valt,,
1628,277,1062,0,valt,,
1629,277,585,0,valt,,
1630,781,904,1,mueller,,
1631,781,1461,0,mueller,,
1632,207,1461,0,mueller,Party left coalition on 22 October 1957 in conflict over a planned pension reform.,
1633,380,904,1,mueller,,
1634,208,904,1,mueller,,
1635,424,904,1,mueller,,
1636,506,904,1,mueller,,
1637,821,904,1,mueller,,
1638,577,904,1,mueller,,
1639,438,904,1,mueller,,
1640,296,904,1,mueller,,
1641,732,904,1,w,,
1642,790,1633,1,mueller,,
1643,790,1088,0,mueller,,
1644,790,1475,0,mueller,,
1645,790,1330,0,mueller,,
1646,790,83,0,mueller,,
1647,790,487,0,mueller,,
1648,798,1633,1,mueller,,
1649,554,1008,0,mueller,,
1650,767,944,1,w,,
1651,71,1605,1,c,,
1652,71,590,0,reuters,,
1653,583,973,1,"reuters, bka",,
1654,583,1013,0,"reuters, bka",Conservatives (ÖVP) withdrew from coalition on 8 July 2008 and asked to call early election. Their ministers remained in office until the next cabinet formed.,
1655,268,1013,0,"reuters, bka",,
1656,268,973,1,"reuters, bka",,
1657,119,1556,1,ejpr,,
1658,807,658,1,ejpr,,
1659,807,1058,0,ejpr,,
1660,306,1058,0,ejpr,,
1661,306,658,1,ejpr,,
1662,864,280,1,ejpr,,
1663,173,280,1,,,
1664,173,1573,0,reuters,Green party announced in November 2010 that it would leave cabinet after passing an important finance bill. They withdrew from the cabinet on 23 January 2011.,
1665,864,1573,0,ejpr,,
1666,864,651,0,ejpr,,
1667,173,651,0,iris,Progressive Democrat (PD) minister remained in cabinet as independent when party disbanded and formally dissolved on 20 November 2009.,
1668,581,47,1,ejpr,,
1669,755,1273,1,ejpr,,
1670,755,251,0,ejpr,,
1671,169,725,1,ejpr,,
1672,497,902,1,,,
1674,850,1193,1,ejpr,,
1675,850,837,0,ejpr,,
1676,679,837,0,ejpr,,
1677,679,1193,1,ejpr,,
1678,390,1193,1,ejpr,,
1679,134,1193,1,ejpr,,
1680,494,1193,1,ejpr,,
1681,494,837,0,ejpr,,
1682,390,837,0,ejpr,,
1683,134,837,0,ejpr,,
1684,463,973,1,mueller,,
1685,133,1013,1,mueller,,
1686,133,973,0,mueller,,
1687,133,769,0,"oepa, mueller",Communist withdrew from cabinet and its minister Karl Altmann resigned on 20 November 1947 over economic issues.,
1688,117,1048,1,,Democratica di Sinistra and Margherita,
1689,117,399,0,,,
1690,117,910,0,,,
1691,117,1661,0,,,"Alessandro Bianchi is coded in EJPR as independent, yet he was elected on the PDCI ticket."
1692,117,693,0,,,
1693,117,1321,0,,,
1694,117,849,0,,,
1695,163,1193,1,ejpr,,
1696,163,1382,0,ejpr,,
1697,163,837,0,ejpr,,
1698,468,984,1,,,
1699,427,878,1,,,
1700,427,354,0,,,
1701,251,997,1,,,
1703,620,997,1,ejpr,,
1704,830,917,0,ejpr,,
1705,289,572,1,afp,,
1706,289,945,0,"afp, cymail",Movement for Social Democracy (EDEK) decided to withdraw from government on 8 February 2010 in disagreement over President Christiofias' strategy on the Cyprus conflict. Its ministers resigned on 2 March (Cyprus Mail).,
1707,289,851,0,afp,,
1710,308,368,1,,,
1711,610,1255,1,,,
1712,612,1255,1,,,
1713,599,958,1,,,
1714,599,1120,0,nyt,All PSD cabinet minsters resigned on 1 October 2010 in protest against the dismissal of interior minister Dan Nica by PM Boc.,
1715,509,1015,1,,,
1716,509,419,0,,,
1717,509,948,0,,,
1718,509,5,0,keesings,Conservative Party withdrew from coalition on 3 December 2006 and its ministers resigned,
1719,538,1006,1,w,,
1720,651,1006,1,w,,
1721,651,210,0,w,,
1722,538,210,0,w,,
1723,575,544,1,,,
1724,575,1286,0,,,
1725,792,784,1,w,,
1726,714,423,1,mue-rom,,
1727,541,982,1,reuters,,
1728,348,423,1,,,
1729,64,1120,1,reuters,,
1730,162,1591,0,w,,
1731,162,1617,1,w,,
1732,36,590,0,mueller,,
1733,359,590,0,mueller,,
1734,879,1629,1,mueller,,
1735,248,1629,1,mueller,,
1736,195,590,1,mueller,,
1737,195,1605,0,mueller,,
1738,195,1324,0,mueller,,
1739,195,1331,0,mueller,,
1740,462,133,1,,,
1741,166,851,1,,,
1742,210,851,1,,,
1743,313,851,1,w,,
1744,784,572,0,w,,
1745,784,534,1,w,,
1746,351,228,1,reuters,,
1747,851,228,0,indridason,,
1748,851,1342,1,indridason,,
1749,254,228,0,indridason,,
1750,254,1342,1,indridason,,
1751,435,228,0,indridason,,
1752,435,1342,1,indridason,,
1753,435,1319,0,indridason,,
1754,839,1305,0,mue-rom,,
1755,839,761,1,mue-rom,,
1756,447,761,1,mue-rom,,
1757,447,1305,0,mue-rom,,
1758,447,648,0,mue-rom,,
1759,102,1305,0,mue-rom,,
1760,102,761,1,mue-rom,,
1761,73,888,1,reuters,,
1762,73,419,0,reuters,Democratic Party (PD) ministers resigned on 29 January 1998 in protest over the slow reform process.,
1763,73,948,0,reuters,,
1767,440,888,1,reuters,Christian Democratic ministers threatened to resign on 13 December 1999 leading to the dismissal of PM Vasile.,
1768,440,1601,0,reuters,,
1769,440,948,0,reuters,,
1773,171,948,0,reuters,,
1774,171,419,0,reuters,,
1775,171,888,0,reuters,,
1776,726,104,1,mueller,,
1777,545,104,1,mueller,,
1778,98,104,1,reg-no,,
1779,657,702,1,reg-no,,
1780,657,1435,0,reg-no,,
1781,657,647,0,reg-no,,
1782,657,1538,0,reg-no,,
1783,653,104,1,mueller,,
1784,310,1435,1,mueller,,
1785,310,1538,0,mueller,,
1786,310,702,0,mueller,,
1787,572,104,1,mueller,,
1788,604,486,1,mue-rom,,
1790,801,2001,1,mueller,,
1792,579,1277,1,mue-rom,,
1793,579,191,0,mue-rom,,
1794,579,983,0,mue-rom,,
1795,579,676,0,mue-rom,,
1796,495,191,0,mue-rom,,
1797,495,581,0,mue-rom,,
1798,405,422,1,mue-rom,,
1799,735,887,0,mue-rom,,
1800,444,887,0,mue-rom,,
1801,214,1661,0,mueller,,
1802,584,675,0,,,
1803,584,1446,0,,,
1804,584,48,1,,,
1805,267,48,1,,,
1806,267,1446,0,,,
1807,267,675,0,,,
1808,546,675,0,,,
1809,512,675,0,,,
1810,512,48,0,,,
1811,214,1145,0,"mueller, afp",Republicans (UDR) threatened to resign in mid December over a proposal of PM D'Alema to add the Democrats (ID) to the coaliton (AFP).,
1812,522,399,0,reuters,,
1813,522,961,0,reuters,,Information about party seats missing -- no data on party_change
1814,239,399,0,ejpr,,
1815,239,961,0,ejpr,,
1816,469,526,1,mue-rom,,
1817,469,521,0,mue-rom,,
1818,469,550,0,mue-rom,,
1819,535,811,1,mue-rom,,
1820,535,1043,0,mue-rom,,
1821,535,466,0,mue-rom,,
1822,132,1758,0,reuters,,
1823,132,369,1,reuters,,
1825,68,696,0,afp,,
1826,68,1691,0,afp,,
1827,730,726,1,afp,,
1828,730,1758,0,afp,,
1829,730,1544,0,afp,,
1830,730,1691,0,,,
1831,226,629,0,mue-rom,,
1832,226,664,1,mue-rom,,
1833,194,1355,1,mue-rom,,
1834,357,629,1,ejpr,,
1835,18,629,1,mue-rom,,
1836,754,528,1,mue-rom,,
1837,754,987,0,mue-rom,,
1838,754,207,0,mue-rom,,
1845,567,226,0,ejpr,,
1846,823,51,1,reuters,,
1847,823,1436,0,reuters,,
1848,109,133,1,w,,
1849,28,1015,1,mue-rom,,
1850,28,419,0,nyt,PM Popescu-Tariceanu fired ministers from the Democratic Party following conflict with president Băsescu.,
1851,28,948,0,mue-rom,,
1852,171,761,1,reuters,,
1853,314,44,1,,,
1854,314,1359,0,,,
1855,399,1061,1,,,
1856,436,1061,0,,,
1857,420,1142,1,mue-rom,,
1858,420,1072,0,conrad,,
1859,592,1142,1,mue-rom,,
1860,719,1142,1,mue-rom,,
1861,719,1072,0,mue-rom,,
1862,817,1228,0,mue-rom,,
1863,269,220,1,,,
1864,269,1072,0,,,
1865,269,1142,0,,,
1866,527,16,0,,,
1867,527,1371,0,,,
1869,145,1252,1,mue-rom,,
1870,145,683,0,mue-rom,,
1871,145,706,0,conrad,Party withdrew from coaliton on 26 January 1996 after PM Drnovsek called for the resignation of Economic Minister Maks Tajnikar without consulting the party.,
1872,562,1252,1,mue-rom,,
1873,562,683,0,mue-rom,,
1874,292,1252,1,mue-rom,,
1875,292,706,0,mue-rom,,
1876,292,1587,0,mue-rom,,
1877,262,1245,0,,,
1878,262,440,0,,,
1879,262,19,0,,,
1880,165,440,0,,,
1881,835,829,1,mue-rom,,
1882,835,1245,0,mue-rom,,
1883,835,1123,0,mue-rom,,
1884,706,1591,1,mue-rom,,
1886,601,1234,1,,,
1887,601,701,0,,,
1888,454,1441,0,,,
1889,454,1358,1,,,
1890,721,1358,1,,,
1891,716,1358,1,,,
1892,472,808,1,,,
1893,472,543,0,,,
1894,472,1180,0,,,
1895,805,1541,1,,,
1896,157,1567,1,,,
1897,551,104,1,,,
1898,551,81,0,,,
1899,551,702,0,,,
1900,374,439,1,bbc,,
1901,154,156,0,mueller,,
1902,224,1338,1,,,
1903,858,725,1,,,
1904,178,1411,1,,,
1905,178,184,0,,,
1906,288,184,0,,,
1907,288,1411,1,,,
1908,780,1193,1,,,
1910,431,1310,1,,,
1911,431,915,0,,,
1912,431,1378,0,,,
1913,431,1192,0,,,
1914,431,1110,0,bbc,Party withdrew from coalition on 22 April 2010 in conflict over voting rights in a bilingual district near Brussels.,
1915,537,958,1,reuters,,
1916,537,948,0,reuters,,
1917,61,104,1,mueller,,
1918,44,997,1,,,
1919,357,838,0,ejpr,,
1920,18,838,0,ejpr,,
1921,715,830,1,,,
1922,710,830,0,,,
1923,710,761,1,,,
1924,710,1015,0,,,
1925,710,1639,0,,,
1926,710,1299,0,,,
1927,605,664,1,,,
1928,652,235,1,,,
1929,652,1206,0,,,
1930,750,368,1,,,
1931,327,368,1,,,
1934,791,1119,1,,,
1935,860,1119,1,,,
1936,332,1119,1,,,
1937,143,1119,1,,,
1938,707,1119,1,,,
1939,391,1119,1,,,
1940,856,94,1,mueller,,
1941,856,1292,0,mueller,,
1942,856,395,0,mueller,,
1943,856,1219,0,mueller,,
1944,631,94,1,mueller,,
1947,631,1219,0,mueller,,
1949,631,1108,0,valt,,
1950,492,94,0,valt,,
1951,492,395,1,valt,,
1952,492,1292,0,valt,,
1953,492,1219,0,valt,,
1954,34,395,1,valt,,
1955,34,94,0,valt,,
1956,34,585,0,valt,,
1957,34,1219,0,valt,,
1958,41,395,1,valt,,
1959,41,1118,0,valt,,
1960,41,585,0,valt,,
1961,552,1219,0,valt,,
1962,139,1219,0,valt,,
1963,21,947,1,,,
1964,72,947,1,,,
1965,815,1119,1,,,
1966,477,445,0,keesings,,
1967,477,1518,1,keesings,,
1968,477,811,0,"lo, reuters",Party withdrew from coalition on 17 March 2010 in conflict over economic policy.,
1969,477,466,0,keesings,,
1970,477,521,0,keesings,,
1971,235,288,1,conrad,,
1972,377,288,1,conrad,,
1973,542,729,1,,,
1974,465,1273,1,,,
1975,384,725,1,,,
1976,374,4,0,bbc,,
1977,374,940,0,bbc,The SDP withdrew from the coalition after PM Hatoyama dismissed SDP chief Mizuho Fukushima as consumer affairs minister on 30 May 2010 following conflict over a US military base.,
1978,846,921,1,,,
1979,846,434,0,,,
1980,874,773,1,,,
1981,874,1302,0,,,
1982,120,395,0,valt,,
1983,305,395,0,valt,,
1984,305,94,0,valt,,
1985,120,94,0,valt,,
1986,120,1292,0,valt,,
1987,305,1219,0,valt,,
1988,305,1118,1,valt,,
1989,120,1118,0,valt,,
1990,305,585,0,valt,,
1991,120,1219,0,valt,,
1992,493,439,1,,,
1993,493,4,0,"reuters, yomiuri",,
1994,376,808,1,,,
1995,376,1180,0,,,
1996,376,912,0,,,
1997,376,543,0,nyt,Free Democratic (FDP) party group split on 23 February 1956. Its ministers remained in office and formed the Free People's Party (FVP) party group.,
1998,633,358,0,wid,Free People's Party (FVP) parliamentary group was created as a split-off from the Free People's Party (FVP) and included four cabinet members.,
1999,633,808,1,,,
2000,633,1180,0,,,
2001,633,912,0,wid,,
2002,441,915,0,ejpr,,
2003,441,1378,0,ejpr,,
2004,441,1110,1,ejpr,,
2006,100,1427,0,valt,,
2007,663,395,1,valt,,
2008,663,1118,0,valt,,
2009,663,1427,0,valt,,
2010,663,585,0,valt,,
2011,120,1119,1,valt,,
2012,383,94,1,valt,,
2013,383,1118,0,valt,,
2014,383,1062,0,valt,,
2015,383,585,0,,,
2016,639,585,0,valt,,
2017,373,1219,0,valt,,
2018,736,1253,1,bbc,,
2019,708,829,1,,,
2020,708,2,0,,,
2021,708,336,0,ctk,Deputy PM Karolina Peake and other ministers withdrew from VV party group on 17 April 2012 and formed a new group.,
2022,319,131,1,afp,,
2023,319,1432,0,afp,,
2024,319,1460,0,afp,Freedom and Solidarity (SaS) abstained in a vote of confidence on 11 October 2011 leading to the fall of the cabinet.,
2025,319,1620,0,afp,,
2026,697,794,1,,,
2027,619,794,1,,,
2028,66,997,1,,,
2029,235,1368,0,conrad,,
2030,235,1001,0,conrad,,
2031,377,1368,0,conrad,,
2032,878,1368,0,conrad,,
2033,377,1001,0,conrad,,
2034,2,239,0,conrad,,
2035,556,26,0,,,
2036,556,531,0,,,
2037,556,35,0,,,
2038,556,750,0,,,
2039,814,26,0,,,
2040,814,531,0,,,
2041,814,35,0,,,
2042,814,750,0,,,
2043,635,26,0,,,
2044,635,531,0,,,
2045,635,750,0,,,
2046,623,35,0,,,
2047,623,26,0,,,
2048,623,531,0,,,
2049,623,750,0,,,
2050,513,35,0,,,
2051,513,26,0,,,
2052,513,531,0,,,
2053,513,750,0,,,
2054,777,35,0,,,
2055,777,26,0,,,
2056,777,531,0,,,
2057,777,750,0,,,
2058,79,26,0,,,
2059,79,35,0,,,
2060,79,531,0,,,
2061,79,750,0,,,
2062,20,35,0,,,
2063,20,26,0,,,
2064,20,531,0,,,
2065,20,750,0,,,
2066,723,35,0,,,
2067,723,26,0,,,
2068,723,531,0,,,
2069,723,750,0,,,
2070,129,26,0,,,
2071,129,35,0,,,
2072,129,531,0,,,
2073,129,750,0,,,
2074,426,26,0,,,
2075,426,531,0,,,
2076,426,35,0,,,
2077,426,750,0,,,
2078,773,26,0,,,
2079,773,35,0,,,
2080,773,531,0,,,
2081,773,750,0,,,
2082,38,35,0,,,
2083,38,26,0,,,
2084,38,531,0,,,
2085,38,750,0,,,
2086,198,35,0,,,
2087,198,750,0,,,
2088,198,26,0,,,
2089,198,531,0,,,
2090,855,750,0,,,
2091,855,35,0,,,
2092,855,26,0,,,
2093,855,531,0,,,
2094,508,35,0,,,
2095,508,26,0,,,
2096,508,531,0,,,
2097,184,773,1,,,
2098,324,742,1,,,
2099,324,451,0,,,
2100,324,300,0,,,
2101,324,342,0,,,
2102,324,345,0,,,
2103,675,1310,1,,,
2104,675,915,0,,,
2105,675,1378,0,,,
2106,675,1192,0,,,
2107,705,1633,1,mueller,,
2108,705,1475,0,mueller,,
2109,705,242,0,mueller,,
2110,705,93,0,mueller,,
2111,84,93,1,mueller,,
2112,519,1518,1,lo,,
2113,519,466,0,lo,,
2114,519,521,0,lo,,
2115,519,445,0,lo,,
2116,854,657,1,reg-se,,
2117,854,1461,0,reg-se,,
2118,854,892,0,reg-se,,
2119,854,282,0,reg-se,,
2120,108,1253,1,bbc,,
2121,804,1409,1,rnw,,
2122,804,235,0,rnw,,
2123,882,1666,1,lo,,
2124,882,466,0,lo,,
2125,883,658,1,afp,,
2126,883,1058,0,afp,,
2127,68,1758,0,afp,,
2128,68,664,0,afp,,
2129,730,664,0,afp,,
2130,730,696,0,afp,,
2131,730,619,0,afp,,
2132,884,1013,1,mueller,,
2133,884,973,0,mueller,,
2134,885,725,1,nyt,,
2135,886,1110,1,,,
2136,886,1378,0,,,
2137,886,915,0,,,
2138,886,1113,0,,,
2139,887,1193,1,nyt,,
2140,888,1013,1,bka,,
2141,888,1536,0,bka,,
2142,889,1013,1,reuters,,
2143,889,50,0,reuters,,
2144,890,1013,1,bka,,
2145,890,973,0,bka,,
2146,891,1734,0,nyt,,
2147,891,1726,1,nyt,,
2148,892,940,1,nyt,,
2149,892,1734,0,nyt,,
2150,893,1734,1,,,
2151,893,1733,0,,,
2152,894,1726,1,,,
2153,895,1726,1,,,
2154,895,1734,0,,,
2155,896,1726,1,,,
2156,897,1726,1,,,
2157,898,1755,1,,,
2158,899,1722,1,,,
2159,900,1193,1,,,
2160,901,1193,1,,,
2161,893,940,0,,,
2162,688,1502,0,afp,,
2163,902,113,1,reuters,,
2164,902,1597,0,reuters,,
2165,903,35,0,swiss,,
2166,903,26,0,swiss,,
2167,903,531,0,swiss,,
2168,903,750,0,reuters,,
2169,904,1393,1,bbc,,
2170,904,318,0,bbc,,
2171,905,113,1,err,,
2172,905,1597,0,err,,
2173,906,808,1,,,
2174,906,1180,0,,,
2175,907,706,1,sta,,
2177,907,1252,0,sta,,
2178,908,572,1,,,
2179,908,851,0,afp,,
2181,666,17,0,reg-no,,
2182,666,27,0,reg-no,,
2183,666,702,0,reg-no,,
2184,666,1435,0,reg-no,,
2185,666,647,0,reg-no,,
2186,909,572,0,,,
2187,909,851,1,,,
2188,909,945,0,,,
2189,910,1575,1,,,
2190,910,851,0,,,
2191,910,945,0,,,
2192,910,1151,0,,,
2193,911,1575,1,,,
2194,911,851,0,,,
2195,911,1071,0,,,
2196,912,572,0,,,
2198,912,534,1,,,
2199,914,851,1,,,
2200,913,851,1,,,
2201,916,1193,1,afp,,
2202,915,1193,1,afp,,
2203,917,1273,1,reuters,,
2204,917,251,0,reuters,,
2205,918,1118,1,valt,,
2206,918,395,0,valt,,
2207,918,1062,0,valt,,
2208,918,585,0,valt,,
2209,918,1463,0,valt,,
2210,918,1427,0,valt,,
2211,919,1255,1,cp,,
2212,916,462,0,,,
2213,920,572,1,afp,,
2214,921,572,1,cymail,,
2215,921,851,0,afp,Democratic Party (DIKO) withdrew from cabinet and its ministers handed in their resignation on 27 July 2011 (Cyprus Mail).,
2411,892,1733,0,nyt,,
2419,969,439,1,reuters,,
2420,969,4,0,yomiuri,,
2421,970,1629,1,afp,,
2422,970,211,0,afp,,
2423,970,1644,0,afp,,
2424,971,1666,1,lo,,
2425,971,1942,0,lo,,
2426,971,521,0,lo,,
2427,972,26,0,swiss,,
2428,972,531,0,swiss,,
2429,972,750,0,swiss,,
2430,972,35,0,swiss,,
2431,973,26,0,swiss,,
2432,973,531,0,swiss,,
2433,973,750,0,swiss,,
2434,974,26,0,swiss,,
2435,974,750,0,swiss,,
2436,974,531,0,swiss,,
2437,975,750,0,swiss,,
2438,975,26,0,swiss,,
2439,975,531,0,swiss,,
2440,976,750,0,swiss,,
2441,976,531,0,swiss,,
2442,976,26,0,swiss,,
2443,977,26,0,swiss,,
2444,977,531,0,swiss,,
2445,978,26,0,swiss,,
2446,978,531,0,swiss,,
2447,978,750,0,swiss,,
2448,979,26,0,swiss,,
2449,979,531,0,swiss,,
2450,980,26,0,swiss,,
2451,980,531,0,swiss,,
2452,981,26,0,swiss,,
2453,981,531,0,swiss,,
2454,982,131,1,spectator,,
2455,982,1460,0,spectator,,
2456,982,1432,0,spectator,,
2457,982,1620,0,,,
2458,984,1338,0,reuters,,
2459,984,47,0,reuters,,
2460,984,1179,0,reuters,All four Popular Orthodox Rally (LAOS) ministers resigned on 10 February 2012 following disagreement over a bailout bill.,
2461,984,1358,1,Papademos,,
2462,983,2001,1,reuters,,
2463,985,512,1,pr,,
2464,985,664,0,pr,,
2465,986,997,1,nzhe,,
2466,987,1378,1,dere,,
2467,987,1029,0,dere,,
2468,987,1110,0,dere,,
2469,987,1310,0,dere,,
2470,987,1192,0,dere,,
2471,987,915,0,dere,,
2472,988,645,1,afp,,
2473,989,35,0,swiss,,
2474,989,1991,0,swiss,,
2475,989,750,0,swiss,,
2476,989,1213,0,swiss,,
2477,989,531,0,swiss,,
2478,903,1213,0,swiss,,
2479,990,179,1,sta,,
2480,990,16,0,sta,,
2481,990,1587,0,sta,,
2482,990,1047,0,sta,,
2483,990,1988,0,sta,,
2484,764,1219,0,valt,Finnish People's Party (SK) opposed income and property tax increases leading to the end of the cabinet in December 1963.,
2485,239,1278,0,ejpr,,
2486,214,1278,0,"mueller, afp",Italian Socialist Party (SDI) threatened to resign in mid December and called for the resignation of PM D'Alema (AFP).,
2487,239,2001,1,,,
2488,382,2001,1,reuters,,
2489,991,2001,1,reuters,,
2490,992,958,1,afp,,
2491,992,948,0,afp,,
2492,992,2002,0,reuters,,
2493,993,958,1,reuters,,
2494,993,948,0,reuters,,
2495,537,2002,0,"ager, ejpr","Gabriel Oprea, an independent MP and Minister of Defence since 23 December 2009 (EJPR), was a founding member of the UNPR which formed on 2 May 2010 (Agerpres).",
2496,994,1253,1,hug-68,,
2497,995,1253,1,hug-68,,
2498,996,1898,1,hug-68,,
2499,997,1898,1,hug-68,,
2500,998,1253,1,hug-68,,
2501,999,1938,1,hug-68,,
2502,999,1898,0,hug-68,,
2503,1000,1898,1,hug-68,,
2504,1001,1253,1,hug-68,,
2505,1002,1898,1,hug-68,,
2506,1002,1938,0,hug-68,,
2507,1003,1253,1,hug-68,,
2508,1004,1411,1,hug-68,,
2509,1005,1253,1,hug-68,,
2510,1006,1253,1,hug-68,,
2511,1007,2003,1,hug-68,,
2512,1008,1905,1,hug-68,,
2513,1009,1905,1,hug-68,,
2514,1010,1905,1,hug-68,,
2515,1011,1905,1,hug-68,,
2516,1012,1905,1,hug-68,,
2517,1012,184,0,hug-68,,
2518,1013,1905,1,hug-68,,
2519,1013,184,0,hug-68,,
2520,1014,1905,1,hug-68,,
2521,1014,184,0,hug-68,,
2522,1015,1253,1,hug-68,,
2523,1016,1912,1,hug-68,,
2524,1017,1912,1,hug-68,,
2525,1017,184,0,hug-68,,
2526,1018,1912,1,hug-68,,
2527,1018,184,0,hug-68,,
2528,1019,184,1,hug-68,,
2529,1019,1912,0,hug-68,,
2530,1020,1912,1,hug-68,,
2531,1021,1912,1,hug-68,,
2532,1021,184,0,hug-68,,
2533,1022,1912,1,hug-68,,
2534,1022,184,0,hug-68,,
2535,1023,184,1,hug-68,,
2536,1023,1912,0,hug-68,,
2537,1024,1411,1,hug-77,,
2538,1024,184,0,hug-77,,
2539,1025,134,1,nyt,,
2540,1026,293,1,afp,,
2541,1026,482,0,afp,,
2542,1026,2007,0,elta,,
2543,1027,220,1,afp,,
2544,1028,1409,1,reuters,,
2545,1028,235,0,reuters,,
2546,64,1601,0,reuters,,
2547,64,5,0,reuters,,
2548,1029,1120,1,reuters,,
2549,541,353,0,reuters,,
2550,541,1548,0,reuters,,
2551,1030,829,1,afp,,
2552,1030,2,0,afp,,
2553,1030,2042,0,afp,,
2564,1033,1120,1,reuters,,
2565,1033,5,0,reuters,,
2566,1033,1015,0,reuters,,
2567,1034,973,1,"reuters, bka",,
2568,1034,1013,0,"reuters, bka",,
2569,1035,1013,1,faz,,
2570,1035,973,0,faz,,
2571,417,163,0,jiji,Democratic Reform Party (DRP) with no seats in the lower house but 11 seats in the upper house.,Harumi Inui (DRP) parliamentary vice minister for the Science and Technology Agency
2572,1036,878,1,,,
2573,1037,1539,1,afp,,
2574,1037,873,0,fragov,,
2575,1037,686,0,fragov,,
2576,1038,1539,1,ap,,
2577,1038,686,0,fragov,,
2578,1038,873,0,fragov,,
2579,73,1601,0,reuters,,
2580,440,419,0,reuters,,
2581,73,1015,0,reuters,,
2582,440,1015,0,reuters,,
2583,171,1601,0,reuters,,
2584,171,1015,0,reuters,,
2585,1039,1358,1,ap,,
2586,1040,47,1,ana,,
