id,party_id,date,name_short,name_english,name,name_ascii,name_nonlatin,data_source,comment
1,94,1908-07-01,Maal,Agrarian Union,Maalaisliitto – Agrarförbundet ,Maalaisliitto -- Agrarforbundet ,,,
2,94,1988-07-01,KESK,Finnish Centre,Suomen Keskusta – Centern i Finland,Suomen Keskusta -- Centern i Finland,,,
3,94,1965-07-01,KESK,Centre Party,Keskustapuolue – Centerpartiet ,Keskustapuolue -- Centerpartiet ,,,
4,702,1920-07-01,Bp,Farmer's Party,Bondepartiet,Bondepartiet,,,
5,702,1959-07-01,Sp,Centre Party,Senterpartiet,Senterpartiet,,,
6,1331,2003-07-01,K,Christian Democrats,Kristendemokraterne,Kristendemokraterne,,,
7,882,1921-07-01,SKP,Communist Party of Sweden,Sveriges Kommunistiska Parti,Sveriges Kommunistiska Parti,,,
8,882,1967-07-01,VK,Left Communists Party,Vänsterpartiet kommunisterna,Vansterpartiet kommunisterna,,,
9,882,1990-07-01,Vp,Left Party,Vänsterpartiet,Vänsterpartiet,,,
10,892,1934-07-01,FP,Liberals,Folkpartiet,Folkpartiet,,,
11,892,1990-07-01,FP,Liberal People's Party,Folkpartiet liberalerna,Folkpartiet liberalerna,,,
12,657,1938-07-01,Hr,National Organization of the Right,Högerns riksorganisation,Hogerns riksorganisation,,,
13,657,1952-07-01,H,Right Party,Högerpartiet,Hogerpartiet,,,
14,657,1969-07-01,MSP,Moderate Coalition Party,Moderata samlingspartiet,Moderata samlingspartiet,,,
15,1461,1913-07-01,B,Farmers' League,Bondeförbundet,Bondeforbundet,,,
16,1461,1957-07-01,C,Centre Party,Centerpartiet,Centerpartiet,,,
17,81,1973-07-01,SV,Socialist Electoral League,Sosialistisk Valgforbund,Sosialistisk Valgforbund,,,
18,81,1975-07-01,SV,Socialist Left Party,Sosialistisk Venstreparti,Sosialistisk Venstreparti,,,
19,282,1964-07-01,KDS,Christian Democratic Union,Kristen Demokratisk Samling,Kristen Demokratisk Samling,,,
20,282,1987-07-01,Ks,Christian Democrats,Kristdemokratiska Samhällspartiet,Kristdemokratiska Samhallspartiet,,,
21,282,1995-07-01,Kd,Christian Democrats,Kristdemokraterna,Kristdemokraterna,,,
23,1209,1972-07-01,DNF,New People's Party,Det Nye Folkepartiet,Det Nye Folkepartiet,,,
24,1209,1980-07-01,DLF,Liberal People's Party,Det Liberale Folkepartiet,Det Liberale Folkepartiet,,,
25,351,1973-07-01,ALP,Anders Lange's Party,Anders Langes parti,Anders Langes parti,,,
26,351,1977-07-01,FrP,Progress Party,Fremskrittspartiet,Fremskrittspartiet,,,
27,184,1913-07-01,CP,Country Party,Country Party,Country Party,,,
28,184,1975-07-01,NCA,National Country Party,National Country Party,National Country Party,,,
29,184,1982-07-01,NPA,National Party of Australia,National Party of Australia,National Party of Australia,,,
33,945,1970-07-01,EDEK,Socialist Party of Cyprus,Socialistiko Komma Kyprou,Socialistiko Komma Kyprou,,,
34,945,1999-07-01,KISOS,Movement for Social Democracy,Kinima Sosialdimokraton,Kinima Sosialdimokraton,Κίνημα Σοσιαλδημοκρατών,eed,
35,1523,1993-07-01,KED,Free Democrats Movement,Kinema ton Eleftheron Dimokraton,Kinema ton Eleftheron Dimokraton,,,
36,1523,1996-07-01,ED,United Democrats,Enomeni Dimokrates,Enomeni Dimokrates,,,
37,1219,1918-07-01,KE,National Progressive Party,Kansallinen Edistyspuolue,Kansallinen Edistyspuolue,,,
38,1219,1951-07-01,SK,Finnish People's Party,Suomen Kansanpuolue,Suomen Kansanpuolue,,,
39,1219,1965-12-29,LKP,Liberal People's Party,Liberaalinen Kansanpuolue,Liberaalinen Kansanpuolue,,jacobs,
40,200,1959-07-01,SPP,Finnish Smallholder Party,Suomen Pientalonpoiken Puolue,Suomen Pientalonpoiken Puolue,,,
41,200,1966-07-01,SMP,Finnish Rural Party,Soumen Maaseudun Puolue,Soumen Maaseudun Puolue,,,
42,200,1995-10-13,Ps,True Finns,Perussuomalaiset – Sannfinländarna,Perussuomalaiset -- Sannfinlandarna,,,
44,118,1921-07-01,PCE,Spanish Communist Party,Partido Communista de España,Partido Communista de Espana,,,
45,118,1989-07-01,IU,United Left,Izquerda Unida,Izquerda Unida,,,
46,645,1976-07-01,AP,Popular Alliance,Alianza Popular,Alianza Popular,,,
47,645,1989-07-01,PP,Popular Party,Partido Popular,Partido Popular,,,
48,1273,1976-07-01,PPD,Popular Democratic Party,Partido Popular Democrático,Partido Popular Democratico,,,
49,1273,1977-07-01,PSD,Social Democratic Party,Partido Social Democrata,Partido Social Democrata,,,
50,251,1974-07-01,CDS,Democratic and Social Centre,Centro Democrático e Social,Centro Democratico e Social,,,
51,251,1993-07-01,CDS/PP,Democratic and Social Center / People's Party,Centro Democrático e Social / Partido Popular,Centro Democratico e Social / Partido Popular,,,
52,1441,1989-07-01,SAP,Coalition of the Left and Progress,Synaspismós tīs Aristerás kai tīs Proódou,Synaspismos tis Aristeras kai tis Proodou,Συνασπισμός της Αριστεράς και της Προόδου,,
53,1441,2003-07-01,SAP,Synaspismos -- Coalition of the Left of Movements and Ecology,Synaspismós tīs Aristerás tōn Kinīmátōn kai tīs Oikologías,Synaspismos -- Synaspismos tis Aristeras ton Kinimaton kai tis Oikologias,Συνασπισμός της Αριστεράς των Κινημάτων και της Οικολογίας,,
54,921,1988-07-01,Fidesz,Fidesz -- Hungarian Civic Party,Fiatal Demokraták Szövetsége,Fiatal Demokratak Szovetsege,,,
55,921,1995-07-01,Fidesz,Fidesz -- Hungarian Civic Party,Fidesz – Magyar Polgári Párt,Fidesz -- Magyar Polgari Part,,,
56,921,2003-07-01,Fidesz,Fidesz –- Hungarian Civic Union,Fidesz – Magyar Polgári Szövetség,Fidesz -- Magyar Polgari Szovetseg,,,
57,967,1944-07-01,GPD,Patriotic and Democratic Group,Groupement Patriotique et Démocratique,Groupement Patriotique et Democratique,,,
58,967,1952-07-01,GD,Democratic Group,Groupement Démocratique,Groupement Democratique,,,
59,967,1954-07-01,DP,Democratic Party,Parti Démocratique – Demokratesch Partei,Parti Démocratique -- Demokratesch Partei,,,
60,220,1999-07-01,Smer,Direction -- the Third Way,Smer – tretia cesta,Smer -- tretia cesta,,,
61,220,2005-07-01,Smer,Direction -- Social Democracy,Smer – sociálna demokracia,Smer -- socialna demokracia,,,
62,706,2005-07-01,SD,Social Democrats,Socialni demokrati,Socialni demokrati,,,
63,179,1989-02-16,SDZS,Social Democratic Union of Slovenia,Socialdemokratska zveza Slovenije SDZS,Socialdemokratska zveza Slovenije SDZS,,,
64,179,2005-07-01,SDS,Social Democratic Party,Slovenska demokratska stranka,Slovenska demokratska stranka,,,
65,1029,1978-07-01,BSP,Flemish Socialist Party,Belgische Socialistische Partij,Belgische Socialistische Partij,,,
66,1029,1980-07-01,SP,Flemish Socialist Party,Socialistische Partij,Socialistische Partij,,,
67,1029,2001-07-01,SP.A,Socialist Party -- Different,Socialistische Partij – Anders,Socialistische Partij -- Anders,,,
68,63,1846-07-01,LP-PL,Liberal Party,Liberale Partij – Parti libéral,Liberale Partij -- Parti liberal,,,
69,63,1961-07-01,PVV-PLP,Party of Liberty and Progress,Partij voor Vrijheid en Vooruitgang – Parti de la Liberté et du Progrès,Partij voor Vrijheid en Vooruitgang -- Parti de la Liberte et du Progres,,,
70,1192,1972-07-01,PSC,Francophone Christian Social Party,Parti Social Chrétien,Parti Social Chretien,,,
71,1192,2002-07-01,CDH,Humanist Democratic Centre,Centre Democrate Humaniste,Centre Democrate Humaniste,,,
72,454,1979-07-01,PRL,Liberal Reformist Party,Parti Réformateur Libéral,Parti Reformateur Liberal,,,
73,454,1976-07-01,PRLW,Party for Reforms and Freedom of Wallonia,Parti de Réformes et de la Liberté de Wallonie,Parti de Reformes et de la Liberte de Wallonie,,,
74,1110,1971-07-01,PVV,Party of Liberty and Progress,Partij voor Vrijheid en Vooruitgang,Partij voor Vrijheid en Vooruitgang,,,
75,1110,1992-07-01,VLD,Flemish Liberals and Democrats,Vlaamse Liberalen en Democraten,Vlaamse Liberalen en Democraten,,,
76,1539,1905-07-01,SIFO,Socialist Party,Section française de internationale ouvriére,Section francaise de internationale ouvriere,,,
77,1539,1969-07-01,PS,Socialist Party,Parti socialiste,Parti socialiste,,,
78,831,1946-07-01,MSI,Italian Social Movement,Movimento Sociale Italiano,Movimento Sociale Italiano,,,
79,831,1972-07-01,MSI-DN,Italian Social Movement--Right National,Movimento Sociale Italiano–Destra Nazionale,Movimento Sociale Italiano--Destra Nazionale,,,
80,1296,1955-07-01,PR,Radical Party,Partito Radicale,Partito Radicale,,,
81,1296,1999-07-01,Pan,Panella List,Lista Pannella Bonino,Lista Pannella Bonino,,,
82,1296,1994-07-01,Pan,Panella List,Lista Panella-Riformatori,Lista Panella-Riformatori,,,
83,1296,2001-07-01,RI,Italian Radicals,Radicali Italiani,Radicali Italiani,,,
84,1296,1996-07-01,Pan,Panella List,Lista Sgarbi-Panella,Lista Sgarbi-Panella,,,
85,242,1947-01-11,PSLI,Socialist Party of Italian Workers,Partito Socialista Lavoratori Italiani,Partito Socialista Lavoratori Italiani,,,
86,242,1971-02-10,PSDI,Italian Democratic Socialist Party,Partito Socialista Democratico Italiano,Partito Socialista Democratico Italiano,,,
87,809,1991-07-01,PDS,Democratic Party of the Left,Partito Democratico della Sinistra,Partito Democratico della Sinistra,,,
88,809,1998-07-01,DS,Left-Wing Democrats,Democratici di Sinistra,Democratici di Sinistra,,,
89,399,1999-07-01,UDEUR,Union of Democrats for Europe,Unione Democratici per l'Europa,Unione Democratici per l'Europa,,,
90,399,2004-07-01,PA-UDEUR,Popular Alliance-UDEUR,Alleanza Popolare-UDEUR,Alleanza Popolare-UDEUR,,,
93,1331,1970-07-01,KrF,Christian People's Party,Kristeligt Folkeparti,Kristeligt Folkeparti,,,
94,141,1983-07-01,GPS-PES,Federation of Green Parties,Föderation der Grünen in 1983 Parteien der Schweiz – Federation Suisse des Partis Ecologistes,Foederation der Gruenen in 1983 Parteien der Schweiz -- Federation Suisse des Partis Ecologistes,,,
95,141,1987-07-01,Grue,Green Party of Switzerland,Grüne Partei der Schweiz – Parti écologiste suisse,Gruene Partei der Schweiz -- Parti ecologiste suisse,,,
96,531,1957-07-01,K-CSP,Conservative-Christian-Social People's Party,Katholisch-Konservativ-Christlichsoziale Volkspartei – Parti Conservateur Chretien Social,Konservativ-Christlichsoziale Volkspartei - Parti Conservateur Chretien Social,,,
97,531,1971-07-01,CVP-PDC,Christian Democratic Peoples Party,Christlich Demokratische Volkspartei der Schweiz – Parti Democrate-Chretien Suisse,Christlich Demokratische Volkspartei der Schweiz -- Parti Democrate-Chretien Suisse,,,
98,628,1979-07-01,NA-AN,National Action for People and Fatherland,Nationale Aktion für Volk und Heimat – Action Nationale pour le Peuple et la Patrie,Nationale Aktion fuer Volk und Heimat -- Action Nationale pour le Peuple et la Patrie,,,
99,628,1991-07-01,SD,Swiss Democrats,Schweizer Demokraten – Democrates Suisses,Schweizer Demokraten -- Democrates Suisses,,,
100,628,1961-07-01,NA-AN,National Action against Foreign Domination,Nationale Aktion gegen die Überfremdung von Volk und Heimat – Action Nationale contre l'Emprise et la Surpopulation Etrangere,Nationale Aktion gegen die Ueberfremdung von Volk und Heimat -- Action Nationale contre l'Emprise et la Surpopulation Etrangere,,,
101,141,1971-07-01,Grue,Greens,Grüne,Gruene,,,
102,750,1936-12-23,BGB,"Farmers, Traders and Citizens Party","Schweizerische Bauern-, Gewerbe- und Bürgerpartei – Parti Suisse des Paysans, Artisans et Bourgeois","Schweizerische Bauern-, Gewerbe- und Buergerpartei -- Parti Suisse des Paysans, Artisans et Bourgeois",,,
103,750,1971-09-22,SVP-UDC,Swiss Peoples Party,Schweizerische Volkspartei – Union Democratique du Centre,Schweizerische Volkspartei -- Union Democratique du Centre,,,
104,1602,1984-07-01,FPS,Swiss Motorists Party,Schweizer Auto Partei – Parti Automobiliste Suisse,Schweizer Auto Partei -- Parti Automobiliste Suisse,,,
105,1602,1994-07-01,FPS,Freedom Party of Switzerland,Freiheitspartei der Schweiz,Freiheitspartei der Schweiz,,,
106,1421,2002-07-01,LDP,Liberal Democratic Party,Liberalų Demokratų Partija,Liberalu Demokratu Partija,,,
107,1421,2006-07-01,TT,Order and Justice,Tvarka ir teisingumas,Tvarka ir teisingumas,,,
108,1448,1996-07-01,M,Moderates,Mõõdukad,Moodukad,,,
109,1448,2004-07-01,SDE,Social Democratic Party,Sotsiaaldemokraatlik Erakond,Sotsiaaldemokraatlik Erakond,,,
110,590,1915-07-01,KF,Conservatives,Det Konservative Folkeparti,Det Konservative Folkeparti,,,
111,1590,1994-07-01,EUR,Estonian United People's Party,Eestimaa Ühendatud Rahvapartei,Eestimaa Uehendatud Rahvapartei,,,
112,1590,2006-07-01,K,Constitution Party,Konstitutsioonierakond,Konstitutsioonierakond,,,
114,1126,1967-07-01,BNF,British National Front,British National Front,British National Front,,,
115,993,1978-07-01,VB,Flemish Block,Vlaams Blok,Vlaams Blok,,,
116,993,2004-07-01,VB,Flemish Interest,Vlaams Belang,Vlaams Belang,,,
117,161,1976-07-01,Ecolo,Francophone Ecologists,Ecologistes Confederes pour l'Organisation de Luttes Originales,Ecologistes Confederes pour l'Organisation de Luttes Originales,,,
118,1594,1979-07-01,Agalev,Live Differently -- Flemish-speaking Ecologists,Anders GAan LEVen,Anders GAan LEVen,,,
119,1594,2003-07-01,Groen,Green!,Groen!,Groen!,,,
120,618,1919-07-01,PAg,Agrarian Party,Partito Agrario,Partito Agrario,,,
121,618,1945-07-01,PCdI,Agrarian Party,Partito dei Contadini d'Italia,Partito dei Contadini d'Italia,,,
122,1492,1998-07-01,PRG,Radical Party of the Left,Parti radical de gauche,Parti radical de gauche,,,
123,1492,1972-07-01,MGRS,Movement of the Radical-Socialist Left,Mouvement de la gauche radicale-socialiste,Mouvement de la gauche radicale-socialiste,,,
124,1492,1973-07-01,MRG,Movement of Radicals of the Left,Mouvement des radicaux de gauche,Mouvement des radicaux de gauche,,,
125,1492,1994-07-01,PRS,Radical-Socialist Party ,Parti radical-socialiste,Parti radical-socialiste,,,
126,774,1995-07-01,CD,Christian Democrat Party,Christian Democrat Party,Christian Democrat Party,,,
127,774,1998-07-01,FNZ,Future New Zealand,Future New Zealand,Future New Zealand,,,
128,544,2001-07-01,NDSV,National Movement Simeon II,Natsionalno Dvizhenie Simeon Vtori,Natsionalno Dvizhenie Simeon Vtori,Национално движение Симеон Втори,,
129,544,2007-07-01,NDSV,National Movement for Stability and Progress,Nacionalno dviženie za stabilnost i vǎzhod,Nacionalno dvizenie za stabilnost i vazhod,Национално движение за стабилност и възход,,
130,706,1992-07-01,ZL,United List,Združena lista,Zdruzena lista,,,
131,29,1990-07-01,CSS,Czechoslovak Socialist Party,Československá strana socialistická,Ceskoslovenska strana socialisticka,,,
132,29,1995-07-01,CSS,Free Democrats -- Liberal National Social Party,Svobodní demokraté – Liberální strana národně sociální,Svobodni demokrate – Liberalni strana narodne socialni,,,
133,29,1997-07-01,CSNS,Czech National Social Party,Česká strana národně sociální,Ceska strana narodne socialni,,,
134,67,1996-07-01,PPL,Freedom Pole,Polo per le Libertà,Polo per le Liberta,,,
135,67,2001-07-01,CdL,Freedom House,Casa delle Libertà,Casa delle Libertà,,,
136,1463,2001-06-01,KD,Finnish Christian Union,Suomen Kristillisdemokraatit – Kristdemokraterna i Finland,Suomen Kristillisdemokraatit -- Kristdemokraterna i Finland,,rpfi,
137,1463,1958-05-06,SKL,Finnish Christian League,Suomen Kristillinen Liitto – Finlands Kristliga Förbund,Suomen Kristillinen Liitto -- Finlands Kristliga Forbund,,,
138,1048,2004-07-01,Ulivo,United in the Olive Tree,Uniti nell'Ulivo,Uniti nell'Ulivo,,,
139,1048,2005-07-01,Ulivo,Federation of The Olive Tree,Federazione dell'Ulivo,Federazione dell'Ulivo,,,
140,67,1994-07-01,PdL,Freedom Pole,Polo delle Libertà,Polo delle Liberta,,,
143,806,1986-07-01,SKP,Communist  Party of Finland (unity),Suomen Kommunistinen Puolue (yhtenäisyys) – Finlands Kommunistiska Partiet (enhet),Suomen Kommunistinen Puolue (yhtenaisyys) -- Finlands Kommunistiska Partiet (enhet),,,
144,806,1997-02-04,SKP-97,Communist Party of Finland (1997),Suomen Kommunistinen Puolue – Finlands Kommunistiska Partiet,Suomen Kommunistinen Puolue -- Finlands Kommunistiska Partiet,,prfi,
145,376,2007-07-01,NA,New Alliance,Ny Alliance,Ny Alliance,,,
146,376,2008-07-01,LA,Liberal Alliance,Liberal Alliance,Liberal Alliance,,,
147,1040,2009-07-01,MpA,Movement for Autonomies,Movimento per le Autonomie,Movimento per le Autonomie,,,
148,5,1991-07-01,PUR,Romanian Humanist Party,Partidul Umanist Român,Partidul Umanist Roman,,,
149,5,2005-07-01,PC,Conservative Party,Partidul Conservator,Partidul Conservator,,,
150,1146,1993-07-01,NP,New Party Sakigake,Shinto Sakigake,Shinto Sakigake,新党さきがけ,,
151,1146,1998-07-01,SP,Sakigake Party,Sakigake,Sakigake,,,
152,1146,2002-07-01,EGP,Environmental Green Political Assembly,Midori no Kaigi,Midori no Kaigi,みどりの会議,,
154,1448,1992-07-01,ESDP/EMK,Estonian Social Democratic Party / Estonian Rural Centre Party,Eesti Sotsiaaldemokraatlik Partei / Eesti Maa-Keskerakond,Eesti Sotsiaaldemokraatlik Partei / Eesti Maa-Keskerakond,,,
155,473,1989-07-01,Fed,Federalism,Federalismo,Federalismo,,,
156,1615,2003-07-01,Lu,People's Union,Ludová únia,Ludova unia,,,
157,1615,2007-07-01,Ls,Liberal Party,Liberálna strana,Liberálna strana,,,
158,1040,2005-07-01,MpA,Movement for Autonomy,Movimento per l'Autonomia,Movimento per l'Autonomia,,,
159,473,1984-07-01,Fed,Federalism,Federalismo – Europa dei Popoli,Federalismo -- Europa dei Popoli,,,
160,1094,1944-07-01,G,Gaullists,Gaullists,Gaullists,,,
161,1094,1968-07-01,UDR,Union of Democrats for the Republic,Union des démocrates pour la république,Union des democrates pour la republique,,,
164,1501,2004-09-02,GW,Wilders Group,Groep Wilders,Groep Wilders,,papo,
165,1501,2006-02-22,PVV,Party for Freedom,Partij voor de Vrijheid,Partij voor de Vrijheid,,reuters,
166,706,1993-07-01,ZLSD,United List Social Democrats,Združena lista socialni demokrati,Zdruzena lista socialni demokrati,,,
167,609,1998-07-01,EKRP,Estonian Christian Democratic Party,Eesti Kristlik Rahvapartei,Eesti Kristlik Rahvapartei,,,
168,609,2006-07-01,EEKD,Party of Estonian Christian Democrats,Erakond Eesti Kristlikud Demokraadid,Erakond Eesti Kristlikud Demokraadid,,,
170,176,1995-07-01,MSFT,Tricolor Flame Social Movement,Movimento Sociale Fiamma Tricolore,Movimento Sociale Fiamma Tricolore,,,
171,1436,1991-01-08,LN,North League for the Independence of Padania,Lega Nord per l'indipendenza della Padania,Lega Nord per l'indipendenza della Padania,,,
173,773,1912-07-01,Con,Conservatives,Conservative and Unionist Party,Conservative and Unionist Party,,,
176,296,1961-07-01,NDP,New Democratic Party,New Democratic Party,New Democratic Party,,,
177,296,1932-07-01,CCF,Co-operative Commonwealth Federation,Co-operative Commonwealth Federation,Co-operative Commonwealth Federation,,,
180,1429,1993-07-01,GRUENE,The Greens -- The Green Alternative,Die Grünen – Die grüne Alternative,Die Gruenen -- Die gruene Alternative,,,
181,1429,1982-07-01,GRUENE,Green Alternative,Grüne Alternative,Gruene Alternative,,,
182,1142,1991-07-01,HZDS,Movement for a Democratic Slovakia,Hnutie za demokratické Slovensko,Hnutie za Demokraticke Slovensko,,,
183,1142,2003-07-01,LS-HZDS,People's Party -- Movement for a Democratic Slovakia,Ľudová strana – Hnutie za demokratické Slovensko,Ludova strana -- Hnutie za Demokraticke Slovensko,,,
184,969,1964-07-01,FDF,Democratic Front of the Francophones,Front Démocratique des Francophones,Front Democratique des Francophones,,,
185,969,2010-07-01,FDF,Francophone Democratic Front,Fédéralistes Démocrates Francophones,Federalistes Democrates Francophones,,,
186,16,1992-07-01,SLS,Slovenian People's Party,Slovenska ljudska stranka,Slovenska ljudska stranka,,,
187,16,1988-07-01,Skz,Slovenian Peasant Union,Slovenska kmečka zveza,Slovenska kmecka zveza,,,
188,531,1912-07-01,CCPS,Catholic-Conservative Party of Switzerland,Katholisch-Konservative Partei der Schweiz ,Katholisch-Konservative Partei der Schweiz,,,
189,1428,1922-07-01,C,The Coalition,The Coalition,The Coalition,,,
190,529,1993-07-01,BZNS-AS,"Bulgarian Agrarian People's Union ""Aleksandar Stamboliyski""","Balgarski Zemedelski Naroden Sajuz ""Alexander Stambolijski""","Balgarski Zemedelski Naroden Sajuz ""Alexander Stambolijski""","Българският земеделски народен съюз ""Александър Стамболийски""",,
191,529,2005-07-01,ZS-AS,"Agrarian Union ""Aleksandar Stamboliyski""","Zemedelski sayuz ""Aleksandar Stamboliyski""","Zemedelski sayuz ""Aleksandar Stamboliyski""",Земеделски съюз „Александър Стамболийски“,,
192,353,1990-07-01,BZNS,Bulgarian Agrarian People's Union,Bǔlgarski Zemedelski Naroden Sǔyuz,Bulgarski Zemedelski Naroden Suyuz,Българският земеделски народен съюз,,
193,353,2006-05-01,ZNS,Agrarian People's Union,Zemedelski Naroden Sǔyuz,Zemedelski Naroden Suyuz,земеделски народен съюз,,
194,1185,1946-04-22,SED,Socialist Unity Party of Germany,Sozialistische Einheitspartei Deutschlands,Sozialistische Einheitspartei Deutschlands,,,
195,1185,1989-12-16,SED-PDS,Socialist Unity Party of Germany -- Party for Democratic Socialism,Sozialistische Einheitspartei Deutschland – Partei des Demokratischen Sozialismus,Sozialistische Einheitspartei Deutschland -- Partei des Demokratischen Sozialismus,,dhbt,
196,1185,1990-02-04,PDS,Party for Democratic Socialism,Partei des Demokratischen Sozialismus,Partei des Demokratischen Sozialismus,,dhbt,
197,985,1989-10-07,SDP,Social Democratic Party in the GDR,Sozialdemokratische Partei in der DDR,Sozialdemokratische Partei in der DDR,,dhbt,
198,985,1990-01-13,SPD,Social Democratic Party of Germany,Sozialdemokratische Partei Deutschlands,Sozialdemokratische Partei Deutschlands,,dhbt,
199,1507,1950-01-08,BHE,Bloc of Expellees and Deprived of Rights,Block der Heimatvertriebenen und Entrechteten,Block der Heimatvertriebenen und Entrechteten,,phb,
200,1507,1952-11-14,GB/BHE,All-German Bloc / League of Expellees and Deprived of Rights,Gesamtdeutscher Block / Bund der Heimatvertriebenen und Entrechteten,Gesamtdeutscher Block / Bund der Heimatvertriebenen und Entrechteten,,phb,
201,242,1969-07-05,PSU,United Socialist Party,Partito Socialista Unitario,Partito Socialista Unitario,,,
202,242,1952-01-07,PSDI,Italian Democratic Socialist Party,Partito Socialista Democratico Italiano,Partito Socialista Democratico Italiano,,,
203,1726,1945-07-01,JLP-45,Japan Liberal Party (1945),Nihon Jiyūtō,Nihon Jiyuto,日本自由党,,
204,1726,1948-03-01,DLP,Democratic Liberal Party,Minshu Jiyūtō,Minshu Jiyūtō,民主自由党,,
205,1726,1950-03-01,LP-50,Liberal Party (1950),Jiyū-tō,Jiyu-to,自由党,no-2001,
207,1734,1947-03-01,DP,Democratic Party,Minshutō,Minshuto,民主党,mackie,
208,1734,1945-11-16,JPP,Japan Progressive Party,Nihon Shimpoto,Nihon Shimpoto,日本進歩党,,
209,973,1945-04-14,SPO,Socialist Party of Austria,Sozialistische Partei Österreichs,Sozialistische Partei Oesterreichs,,,
210,973,1991-06-11,SPO,Social Democratic Party of Austria,Sozialdemokratische Partei Österreichs,Sozialdemokratische Partei Oesterreichs,,,
214,1729,1952-02-08,RK,Reform Party,Rikken Kaishintō,Rikken Kaishinto,改進党,,
215,1729,1950-04-01,PDP,People's Democratic Party,Kokumin Minshuto,Kokumin Minshuto,改進党,,
216,940,1945-07-01,JSP,Japan Socialist Party,Nihon Shakai-tō,Nihon Shakai-to,日本社会党,,
218,979,2006-07-01,I,Independence Party,Itsenäisyyspuolue – Självständighetspartiet,Itsenaisyyspuolue -- Sjalvstandighetspartiet,,,
219,979,1996-07-01,VSL,League for Free Finland,Vapaan Suomen Liitto,Vapaan Suomen Liitto,,,
220,1104,2005-01-01,PD,Democratic Party,Partia Demokratyczna,Partia Demokratyczna,,,exact day/month of the change?
221,489,1976-02-05,EDIK,Union of the Democratic Centre,Enosi Dimokratikou Kentrou,Enosi Dimokratikou Kentrou,Ένωση Δημοκρατικού Κέντρου,,
222,489,1974-10-07,EK-ND,Centre Union -- New Forces,Enosi Kentrou – Nees Dynameis,Enosi Kentrou -- Nees Dynameis,Ένωσις Κέντρου-Νέες Δυνάμεις ,,
223,637,1982-07-29,CDS,Democratic and Social Centre,Centró Democrático y Social,Centro Democratico y Social,,,
224,637,1995-03-25,UC,Centrist Union,Unión Centrista,Union Centrista,,,
225,945,2006-01-01,EDEK,Movement for Social Democracy EDEK,Kinima Sosialdimokraton EDEK,Kinima Sosialdimokraton EDEK,Κινήμα Σοσιαλδημοκρατών ΕΔΕΚ ,eed,
229,837,1961-11-27,K,Komeito Party,Kōmeitō,Komei-to,公明党,,
230,837,1998-11-07,NK,New Komeito,Shin Kōmeitō,Shin Komeito,公明党,,
231,1104,1994-04-23,UW,Freedom Union,Unia Wolności,Unia Wolnosci,,,
232,1733,1947-04-25,NCoP,National Cooperative Party,Kokumin Kyôdô Tô,Kokumin Kyodo To,国民協同党,no-2001,Election date 1947 used as date of name change.
233,1733,1945-12-18,JCoP,Japan Cooperative Party,Nihon Kyôdô Tô,Nihon Kyôdô Tô,日本協同党,no-2001,
234,940,1996-01-19,SDP,Social Democratic Party,Shakai Minshu-tō,Shakai Minshu-tō,社会民主党,,
235,1108,1957-04-21,SD-o,Social Democratic Opposition,Sosialidemokraattisen opposition,Sosialidemokraattisen opposition,,,
236,1108,1959-05-06,TPSL,Social Democratic League of Workers and Smallholders,Tyäväen ja Pienviljelijäin Sosialdemokraattinen Liitto – Arbetarnas och Småbrukarnas Socialdemokratiska Förbund,Tyavaen ja Pienviljelijain Sosialdemokraattinen Liitto -- Arbetarnas och Smabrukarnas Socialdemokratiska Forbund,,,
237,771,1987-07-01,CEP,For the Europe of the Peoples,Coalición por la Europa de los Pueblos,Coalicion por la Europa de los Pueblos,,,
238,771,2009-07-01,CpE,Coalition for Europe,Coalición por la Europa,Coalicion por la Europa,,,
239,467,1985-07-01,GP,Green Party,Green Party,Green Party,,bpf,
240,467,1975-07-01,EP,The Ecology Party,The Ecology Party,The Ecology Party,,bpf,
243,1606,1919-10-21,DRF,Justice Party of Denmark,Danmarks Retsforbund,Danmarks Retsforbund,,,
244,1650,1997-07-01,CDP,Christian Democratic Party,Christian Democratic Party,Christian Democratic Party,,,
245,1650,1977-07-01,CTA,Call to Australia Party,Call to Australia Party,Call to Australia Party,,,
246,1306,1957-07-01,DLP,Democratic Labour Party,Democratic Labour Party,Democratic Labour Party,,,
247,1306,1955-04-07,ALP-AC,Australian Labor Party (Anti-Communist),Australian Labor Party (Anti-Communist),Australian Labor Party (Anti-Communist),,,
248,1253,1931-07-01,FLP,Federal Labor Party,Federal Labor Party,Federal Labor Party,,,
249,1253,1935-07-01,ALP,Australian Labor Party,Australian Labor Party,Australian Labor Party,,,
250,1938,1906-07-01,ASOC,Anti-Socialist Party,Anti-Socialist Party,Anti-Socialist Party,,,
251,521,2011-07-23,NA,"National Alliance ""All For Latvia!"" – ""For Fatherland and Freedom/LNNK""",Nacionālā apvienība „Visu Latvijai!” – „Tēvzemei un Brīvībai/LNNK”,Nacionālā apvienība „Visu Latvijai!” – „Tēvzemei un Brīvībai/LNNK”,,,
252,1167,1921-07-01,KPS-PCS,Communist Party of Switzerland,Kommunistische Partei der Schweiz – Parti communiste suisse,Kommunistische Partei der Schweiz – Parti communiste suisse,,hobday,
253,1167,1944-07-01,PdA,Swiss Party of Labour,Partei der Arbeit der Schweiz,Partei der Arbeit der Schweiz,,hobday,
254,1966,1997-07-01,GFL,Green Free List,Grüne Freie Liste,Grüne Freie Liste,,,
255,875,1989-07-01,SOPS ,Craftsmen and Entrepreneurial Party-Center Party ,Slovenska obrtniška stranka,Slovenska obrtniška stranka,,,
256,875,1999-07-01,SsS,Social Liberal Party,Socialna liberalna stranka,Socialna liberalna stranka,,,
257,118,2011-07-01,CIP,"Coalition ""Left Pluralism""","Coalición ""La Izquierda Plural""","Coalicion ""La Izqierda Plural""",,,
258,224,1992-07-01,PSU,United Socialist Party,Partito Socialista Unitario,Partito Socialista Unitario,,,
259,224,1969-04-27,PSA,Autonomous Socialist Party,Partito socialista autonomo,Partito socialista autonomo,,hsl,
260,1409,1946-03-23,PvdV,Freedom Party,Partij van de Vrijheid,Partij van de Vrijheid,,,
261,1409,1948-01-24,VVD,People's Party for Freedom and Democracy,Volkspartij voor Vrijheid en Democratie,Volkspartij voor Vrijheid en Democratie,,,
262,179,1992-07-01,SDSS,Slovenian Democratic Party of Slovenia,Socialdemokratska stranka Slovenije SDSS,Socialdemokratska stranka Slovenije SDSS,,,
263,1436,1989-06-18,LL-AN,Lombard League -- North Alliance,Lega Lombarda – Alleanza Nord,Lega Lombarda -- Alleanza Nord,,,
264,310,1983-06-23,Greng,The Greens,Déi Gréng – Les Verts – Die Grünen,Déi Gréng -- Les Verts -- Die Grünen,,,
265,310,1979-07-01,AL,The Greens,Alternative List – Wiert Iech,Alternative List -- Wiert Iech,,,
266,1261,2000-07-01,NDP,New Democratic Party,Naujosios demokratijos partija,Naujosios demokratijos partija,,,
267,1261,1995-02-25,LMP,Lithuanian Women’s Party,Lietuvos moterų partija,Lietuvos moteru partija,,,
268,1636,1953-01-10,SCP,Social Credit Party,Social Credit Party,Social Credit Party,,,
269,1636,1985-07-01,NZDP,New Zealand Democratic Party,New Zealand Democratic Party,New Zealand Democratic Party,,,
270,1171,1990-05-18,Greens,Green Party of Aotearoa New Zealand,Green Party of Aotearoa New Zealand,Green Party of Aotearoa New Zealand,,,
271,686,1920-07-01,PCF,French Communist Party,Parti communiste française,Parti communiste francais,,,
272,686,2009-07-01,FdG,Left Front,Front de gauche,Front de gauche,,,
273,59,1962-07-01,IR,Independent Republicans,Independants républicains,Independants republicains,,,
274,59,1998-05-16,DL,Liberal Democracy,Démocratie libérale,Democratie liberale,,,
275,59,1977-07-01,RP,Republican Party,Parti républicain,Parti republicain,,,
