"","country","ISO","Election.type","year","turnout","VAP.turnout","Compulsory.voting","turnout.change","vap.t.change"
"1","Australia","AU","Parliamentary",2013,93.23,80.51,"Yes",NA,NA
"2","Australia","AU","Parliamentary",2010,93.22,81.02,"Yes",-0.0100000000000051,0.509999999999991
"3","Australia","AU","Parliamentary",2007,94.76,82.38,"Yes",1.54000000000001,1.36
"4","Australia","AU","Parliamentary",2004,94.32,82.37,"Yes",-0.440000000000012,-0.00999999999999091
"5","Australia","AU","Parliamentary",2001,94.85,84.2,"Yes",0.530000000000001,1.83
"6","Australia","AU","Parliamentary",1998,94.99,82.24,"Yes",0.140000000000001,-1.96000000000001
"7","Australia","AU","Parliamentary",1996,95.77,82.99,"Yes",0.780000000000001,0.75
"8","Australia","AU","Parliamentary",1993,95.75,83.43,"Yes",-0.019999999999996,0.440000000000012
"9","Australia","AU","Parliamentary",1990,95.31,82.09,"Yes",-0.439999999999998,-1.34
"10","Australia","AU","Parliamentary",1987,93.84,84.14,"Yes",-1.47,2.05
"11","Australia","AU","Parliamentary",1984,94.19,84.2,"Yes",0.349999999999994,0.0600000000000023
"12","Australia","AU","Parliamentary",1983,94.64,81.24,"Yes",0.450000000000003,-2.96000000000001
"13","Australia","AU","Parliamentary",1980,94.35,83.97,"Yes",-0.290000000000006,2.73
"14","Australia","AU","Parliamentary",1977,95.08,84.48,"Yes",0.730000000000004,0.510000000000005
"15","Australia","AU","Parliamentary",1975,95.39,84.68,"Yes",0.310000000000002,0.200000000000003
"16","Australia","AU","Parliamentary",1974,95.4,84.31,"Yes",0.0100000000000051,-0.370000000000005
"17","Australia","AU","Parliamentary",1972,95.38,85.35,"Yes",-0.0200000000000102,1.03999999999999
"18","Australia","AU","Parliamentary",1969,94.97,83.89,"Yes",-0.409999999999997,-1.45999999999999
"19","Australia","AU","Parliamentary",1966,95.13,84.66,"Yes",0.159999999999997,0.769999999999996
"20","Australia","AU","Parliamentary",1963,95.71,85.65,"Yes",0.579999999999998,0.990000000000009
"21","Australia","AU","Parliamentary",1961,95.22,84.56,"Yes",-0.489999999999995,-1.09
"22","Australia","AU","Parliamentary",1958,95.44,86.05,"Yes",0.219999999999999,1.48999999999999
"23","Australia","AU","Parliamentary",1955,95,78.35,"Yes",-0.439999999999998,-7.7
"24","Australia","AU","Parliamentary",1954,96.05,81.93,"Yes",1.05,3.58000000000001
"25","Australia","AU","Parliamentary",1951,95.97,85.24,"Yes",-0.0799999999999983,3.30999999999999
"26","Australia","AU","Parliamentary",1949,95.94,91.67,"Yes",-0.0300000000000011,6.43000000000001
"27","Australia","AU","Parliamentary",1946,93.95,91.85,"Yes",-1.98999999999999,0.179999999999993
"28","Austria","AT","Parliamentary",2013,74.91,69.31,"No",NA,NA
"29","Austria","AT","Parliamentary",2008,78.81,75.61,"No",3.90000000000001,6.3
"30","Austria","AT","Parliamentary",2006,78.49,73.21,"No",-0.320000000000007,-2.40000000000001
"31","Austria","AT","Parliamentary",2002,84.27,77.45,"No",5.78,4.24000000000001
"32","Austria","AT","Parliamentary",1999,80.42,72.64,"No",-3.84999999999999,-4.81
"33","Austria","AT","Parliamentary",1995,85.98,78.64,"No",5.56,6
"34","Austria","AT","Parliamentary",1994,82.46,76.02,"No",-3.52000000000001,-2.62
"35","Austria","AT","Parliamentary",1990,86.14,80.47,"No",3.68000000000001,4.45
"36","Austria","AT","Parliamentary",1986,90.46,87.07,"No",4.31999999999999,6.59999999999999
"37","Austria","AT","Parliamentary",1983,92.59,86.91,"No",2.13000000000001,-0.159999999999997
"38","Austria","AT","Parliamentary",1979,92.24,86.81,"No",-0.350000000000009,-0.0999999999999943
"39","Austria","AT","Parliamentary",1975,92.9,86.65,"No",0.660000000000011,-0.159999999999997
"40","Austria","AT","Parliamentary",1971,92.44,88.23,"No",-0.460000000000008,1.58
"41","Austria","AT","Parliamentary",1970,91.78,89.52,"No",-0.659999999999997,1.28999999999999
"42","Austria","AT","Parliamentary",1966,93.8,89.83,"No",2.02,0.310000000000002
"43","Austria","AT","Parliamentary",1962,93.77,90.28,"No",-0.0300000000000011,0.450000000000003
"44","Austria","AT","Parliamentary",1959,94.21,89.67,"No",0.439999999999998,-0.609999999999999
"45","Austria","AT","Parliamentary",1956,95.95,89.31,"No",1.74000000000001,-0.359999999999999
"46","Austria","AT","Parliamentary",1953,95.83,89.03,"No",-0.120000000000005,-0.280000000000001
"47","Austria","AT","Parliamentary",1949,96.78,86.24,"No",0.950000000000003,-2.79000000000001
"48","Austria","AT","Parliamentary",1945,94.31,67.39,"No",-2.47,-18.85
"49","Belgium","BE","Parliamentary",2014,89.37,87.21,"Yes",NA,NA
"50","Belgium","BE","Parliamentary",2010,89.22,84.65,"Yes",-0.150000000000006,-2.55999999999999
"51","Belgium","BE","Parliamentary",2007,91.08,86,"Yes",1.86,1.34999999999999
"52","Belgium","BE","Parliamentary",2003,91.63,85.95,"Yes",0.549999999999997,-0.0499999999999972
"53","Belgium","BE","Parliamentary",1999,90.57,83.14,"Yes",-1.06,-2.81
"54","Belgium","BE","Parliamentary",1995,91.15,83.2,"Yes",0.580000000000013,0.0600000000000023
"55","Belgium","BE","Parliamentary",1991,92.71,85.1,"Yes",1.55999999999999,1.89999999999999
"56","Belgium","BE","Parliamentary",1987,93.38,86.49,"Yes",0.670000000000002,1.39
"57","Belgium","BE","Parliamentary",1985,93.59,86.32,"Yes",0.210000000000008,-0.170000000000002
"58","Belgium","BE","Parliamentary",1981,94.56,94.31,"Yes",0.969999999999999,7.99000000000001
"59","Belgium","BE","Parliamentary",1978,94.87,87.78,"Yes",0.310000000000002,-6.53
"60","Belgium","BE","Parliamentary",1977,95.07,89.91,"Yes",0.199999999999989,2.13
"61","Belgium","BE","Parliamentary",1974,90.35,85.71,"Yes",-4.72,-4.2
"62","Belgium","BE","Parliamentary",1971,91.55,88.61,"Yes",1.2,2.90000000000001
"63","Belgium","BE","Parliamentary",1968,90.02,86.18,"Yes",-1.53,-2.42999999999999
"64","Belgium","BE","Parliamentary",1965,91.58,88.02,"Yes",1.56,1.83999999999999
"65","Belgium","BE","Parliamentary",1961,92.34,87.96,"Yes",0.760000000000005,-0.0600000000000023
"66","Belgium","BE","Parliamentary",1958,93.62,89.25,"Yes",1.28,1.29000000000001
"67","Belgium","BE","Parliamentary",1954,93.18,88.5,"Yes",-0.439999999999998,-0.75
"68","Belgium","BE","Parliamentary",1950,92.62,86.31,"Yes",-0.560000000000002,-2.19
"69","Belgium","BE","Parliamentary",1949,94.41,88.23,"Yes",1.78999999999999,1.92
"70","Belgium","BE","Parliamentary",1946,90.3,42.01,"Yes",-4.11,-46.22
"71","Bulgaria","BG","Parliamentary",2014,51.05,60.88,"No",NA,NA
"72","Bulgaria","BG","Parliamentary",2013,52.49,59.69,"No",1.44,-1.19
"73","Bulgaria","BG","Parliamentary",2009,60.64,72.43,"No",8.15,12.74
"74","Bulgaria","BG","Parliamentary",2005,55.76,62.41,"No",-4.88,-10.02
"75","Bulgaria","BG","Parliamentary",2001,66.63,72.1,"No",10.87,9.69
"76","Bulgaria","BG","Parliamentary",1997,58.87,66.9,"No",-7.76,-5.19999999999999
"77","Bulgaria","BG","Parliamentary",1994,75.23,80.98,"No",16.36,14.08
"78","Bulgaria","BG","Parliamentary",1991,83.87,84.54,"No",8.64,3.56
"79","Canada","CA","Parliamentary",2011,61.11,54.16,"No",NA,NA
"80","Canada","CA","Parliamentary",2008,59.52,53.59,"No",-1.59,-0.569999999999993
"81","Canada","CA","Parliamentary",2006,64.94,58.39,"No",5.41999999999999,4.8
"82","Canada","CA","Parliamentary",2004,60.91,55.28,"No",-4.03,-3.11
"83","Canada","CA","Parliamentary",2000,61.18,54.64,"No",0.270000000000003,-0.640000000000001
"84","Canada","CA","Parliamentary",1997,67,57.06,"No",5.82,2.42
"85","Canada","CA","Parliamentary",1993,69.64,63.87,"No",2.64,6.81
"86","Canada","CA","Parliamentary",1988,75.29,68.34,"No",5.65000000000001,4.47000000000001
"87","Canada","CA","Parliamentary",1984,75.34,67.91,"No",0.0499999999999972,-0.430000000000007
"88","Canada","CA","Parliamentary",1980,69.32,64.53,"No",-6.02000000000001,-3.38
"89","Canada","CA","Parliamentary",1979,75.69,68.39,"No",6.37,3.86
"90","Canada","CA","Parliamentary",1974,71,64.21,"No",-4.69,-4.18000000000001
"91","Canada","CA","Parliamentary",1972,77.2,71.27,"No",6.2,7.06
"92","Canada","CA","Parliamentary",1968,75.67,68.35,"No",-1.53,-2.92
"93","Canada","CA","Parliamentary",1965,75.88,70.75,"No",0.209999999999994,2.40000000000001
"94","Canada","CA","Parliamentary",1963,80.3,75.08,"No",4.42,4.33
"95","Canada","CA","Parliamentary",1962,80.13,73.31,"No",-0.170000000000002,-1.77
"96","Canada","CA","Parliamentary",1958,80.57,75.39,"No",0.439999999999998,2.08
"97","Canada","CA","Parliamentary",1957,75.05,67.9,"No",-5.52,-7.48999999999999
"98","Canada","CA","Parliamentary",1953,67.87,65.38,"No",-7.17999999999999,-2.52000000000001
"99","Canada","CA","Parliamentary",1949,74.79,71.97,"No",6.92,6.59
"100","Canada","CA","Parliamentary",1945,76.31,70.17,"No",1.52,-1.8
"101","Czech Republic","CZ","Parliamentary",2013,59.48,60.03,"No",NA,NA
"102","Czech Republic","CZ","Parliamentary",2010,62.6,62.22,"No",3.12,2.19
"103","Czech Republic","CZ","Parliamentary",2006,64.47,65.12,"No",1.87,2.90000000000001
"104","Czech Republic","CZ","Parliamentary",2002,57.95,59.03,"No",-6.52,-6.09
"105","Czech Republic","CZ","Parliamentary",1998,74,76.73,"No",16.05,17.7
"106","Czech Republic","CZ","Parliamentary",1996,76.29,77.57,"No",2.29000000000001,0.839999999999989
"107","Czech Republic","CZ","Parliamentary",1992,84.68,83.76,"No",8.39,6.19000000000001
"108","Czech Republic","CZ","Parliamentary",1990,96.33,93.06,"No",11.65,9.3
"109","Denmark","DK","Parliamentary",2015,85.89,80.34,"No",NA,NA
"110","Denmark","DK","Parliamentary",2011,87.74,81.83,"No",1.84999999999999,1.48999999999999
"111","Denmark","DK","Parliamentary",2007,86.59,83.2,"No",-1.14999999999999,1.37
"112","Denmark","DK","Parliamentary",2005,84.54,81.34,"No",-2.05,-1.86
"113","Denmark","DK","Parliamentary",2001,87.15,84.34,"No",2.61,3
"114","Denmark","DK","Parliamentary",1998,85.95,83.13,"No",-1.2,-1.21000000000001
"115","Denmark","DK","Parliamentary",1994,84.25,81.73,"No",-1.7,-1.39999999999999
"116","Denmark","DK","Parliamentary",1990,82.85,80.42,"No",-1.40000000000001,-1.31
"117","Denmark","DK","Parliamentary",1988,85.7,82.73,"No",2.85000000000001,2.31
"118","Denmark","DK","Parliamentary",1987,86.74,85.85,"No",1.03999999999999,3.11999999999999
"119","Denmark","DK","Parliamentary",1984,88.44,86.04,"No",1.7,0.190000000000012
"120","Denmark","DK","Parliamentary",1981,87.77,86.28,"No",-0.670000000000002,0.239999999999995
"121","Denmark","DK","Parliamentary",1979,85.62,83.23,"No",-2.14999999999999,-3.05
"122","Denmark","DK","Parliamentary",1977,88.7,87.74,"No",3.08,4.50999999999999
"123","Denmark","DK","Parliamentary",1975,88.23,86.63,"No",-0.469999999999999,-1.11
"124","Denmark","DK","Parliamentary",1973,88.72,87.37,"No",0.489999999999995,0.740000000000009
"125","Denmark","DK","Parliamentary",1971,87.16,87.31,"No",-1.56,-0.0600000000000023
"126","Denmark","DK","Parliamentary",1968,89.28,87.98,"No",2.12,0.670000000000002
"127","Denmark","DK","Parliamentary",1966,88.61,88.46,"No",-0.670000000000002,0.47999999999999
"128","Denmark","DK","Parliamentary",1964,85.51,84.77,"No",-3.09999999999999,-3.69
"129","Denmark","DK","Parliamentary",1960,85.84,85.91,"No",0.329999999999998,1.14
"130","Denmark","DK","Parliamentary",1957,83.73,82.09,"No",-2.11,-3.81999999999999
"131","Denmark","DK","Parliamentary",1953,80.8,75.48,"No",-2.93000000000001,-6.61
"132","Denmark","DK","Parliamentary",1950,81.87,76.57,"No",1.07000000000001,1.08999999999999
"133","Denmark","DK","Parliamentary",1947,85.78,79.98,"No",3.91,3.41000000000001
"134","Denmark","DK","Parliamentary",1945,86.29,80.65,"No",0.510000000000005,0.670000000000002
"135","Estonia","EE","Parliamentary",2015,64.23,56.82,"No",NA,NA
"136","Estonia","EE","Parliamentary",2011,63.53,55.45,"No",-0.700000000000003,-1.37
"137","Estonia","EE","Parliamentary",2007,61.91,53.44,"No",-1.62,-2.01000000000001
"138","Estonia","EE","Parliamentary",2003,58.24,48.12,"No",-3.66999999999999,-5.32
"139","Estonia","EE","Parliamentary",1999,57.43,45.95,"No",-0.810000000000002,-2.16999999999999
"140","Estonia","EE","Parliamentary",1995,68.91,48.84,"No",11.48,2.89
"141","Estonia","EE","Parliamentary",1992,67.84,40.93,"No",-1.06999999999999,-7.91
"142","Estonia","EE","Parliamentary",1990,78.2,78.28,"No",10.36,37.35
"143","Finland","FI","Parliamentary",2015,66.85,73.14,"No",NA,NA
"144","Finland","FI","Parliamentary",2011,67.37,72.77,"No",0.52000000000001,-0.370000000000005
"145","Finland","FI","Parliamentary",2007,65.02,68.18,"No",-2.35000000000001,-4.58999999999999
"146","Finland","FI","Parliamentary",2003,66.71,69.96,"No",1.69,1.77999999999999
"147","Finland","FI","Parliamentary",1999,65.27,65.21,"No",-1.44,-4.75
"148","Finland","FI","Parliamentary",1995,68.58,71.13,"No",3.31,5.92
"149","Finland","FI","Parliamentary",1991,68.39,71.93,"No",-0.189999999999998,0.800000000000011
"150","Finland","FI","Parliamentary",1987,72.06,77.25,"No",3.67,5.31999999999999
"151","Finland","FI","Parliamentary",1983,75.73,81.1,"No",3.67,3.84999999999999
"152","Finland","FI","Parliamentary",1979,75.31,81.32,"No",-0.420000000000002,0.219999999999999
"153","Finland","FI","Parliamentary",1975,73.8,80.29,"No",-1.51000000000001,-1.02999999999999
"154","Finland","FI","Parliamentary",1972,81.4,84.48,"No",7.60000000000001,4.19
"155","Finland","FI","Parliamentary",1970,82.23,83.63,"No",0.829999999999998,-0.850000000000009
"156","Finland","FI","Parliamentary",1966,84.94,85.14,"No",2.70999999999999,1.51000000000001
"157","Finland","FI","Parliamentary",1962,85.09,85.46,"No",0.150000000000006,0.319999999999993
"158","Finland","FI","Parliamentary",1958,74.99,74.71,"No",-10.1,-10.75
"159","Finland","FI","Parliamentary",1954,79.9,80.27,"No",4.91000000000001,5.56
"160","Finland","FI","Parliamentary",1951,74.58,73.96,"No",-5.32000000000001,-6.31
"161","Finland","FI","Parliamentary",1948,78.25,79.36,"No",3.67,5.40000000000001
"162","Finland","FI","Parliamentary",1945,74.87,74.61,"No",-3.38,-4.75
"163","France","FR","Parliamentary",2012,55.4,46.08,"No",NA,NA
"164","France","FR","Parliamentary",2007,59.98,43.43,"No",4.58,-2.65
"165","France","FR","Parliamentary",2002,60.32,47.25,"No",0.340000000000003,3.82
"166","France","FR","Parliamentary",1997,67.96,59.86,"No",7.63999999999999,12.61
"167","France","FR","Parliamentary",1993,68.93,61.29,"No",0.970000000000013,1.43
"168","France","FR","Parliamentary",1988,66.18,58.14,"No",-2.75,-3.15
"169","France","FR","Parliamentary",1986,78.48,69.91,"No",12.3,11.77
"170","France","FR","Parliamentary",1981,70.87,63.92,"No",-7.61,-5.98999999999999
"171","France","FR","Parliamentary",1978,71.63,63.4,"No",0.759999999999991,-0.520000000000003
"172","France","FR","Parliamentary",1973,81.31,70.63,"No",9.68000000000001,7.23
"173","France","FR","Parliamentary",1968,79.85,69.36,"No",-1.46000000000001,-1.27
"174","France","FR","Parliamentary",1967,81.12,71.14,"No",1.27000000000001,1.78
"175","France","FR","Parliamentary",1962,68.69,60.99,"No",-12.43,-10.15
"176","France","FR","Parliamentary",1958,77.18,71.13,"No",8.49000000000001,10.14
"177","France","FR","Parliamentary",1956,82.69,74.26,"No",5.50999999999999,3.13000000000001
"178","France","FR","Parliamentary",1951,80.19,68.49,"No",-2.5,-5.77000000000001
"179","France","FR","Parliamentary",1946,81.85,73.73,"No",1.66,5.24000000000001
"180","France","FR","Parliamentary",1945,79.83,73.93,"No",-2.02,0.200000000000003
"181","Germany","DE","Parliamentary",2013,71.53,66.07,"No",NA,NA
"182","Germany","DE","Parliamentary",2009,70.78,64.61,"No",-0.75,-1.45999999999999
"183","Germany","DE","Parliamentary",2005,77.65,71.99,"No",6.87,7.38
"184","Germany","DE","Parliamentary",2002,79.08,73.46,"No",1.42999999999999,1.47
"185","Germany","DE","Parliamentary",1998,82.2,75.32,"No",3.12,1.86
"186","Germany","DE","Parliamentary",1994,78.97,72.39,"No",-3.23,-2.92999999999999
"187","Germany","DE","Parliamentary",1990,77.76,73.1,"No",-1.20999999999999,0.709999999999994
"188","Germany","DE","Parliamentary",1987,84.33,75.02,"No",6.56999999999999,1.92
"189","Germany","DE","Parliamentary",1983,89.09,80.95,"No",4.76000000000001,5.93000000000001
"190","Germany","DE","Parliamentary",1980,88.57,81.84,"No",-0.52000000000001,0.890000000000001
"191","Germany","DE","Parliamentary",1976,90.75,83.84,"No",2.18000000000001,2
"192","Germany","DE","Parliamentary",1972,91.11,88.74,"No",0.359999999999999,4.89999999999999
"193","Germany","DE","Parliamentary",1969,86.67,79.86,"No",-4.44,-8.88
"194","Germany","DE","Parliamentary",1965,86.77,80.86,"No",0.0999999999999943,1
"195","Germany","DE","Parliamentary",1961,87.74,86.86,"No",0.969999999999999,6
"196","Germany","DE","Parliamentary",1957,87.77,87.57,"No",0.0300000000000011,0.709999999999994
"197","Germany","DE","Parliamentary",1953,85.99,80.57,"No",-1.78,-7
"198","Germany","DE","Parliamentary",1949,78.49,76.46,"No",-7.5,-4.11
"199","Greece","GR","Parliamentary",2015,63.6,70.62,"Yes",NA,NA
"200","Greece","GR","Parliamentary",2012,62.47,69.36,"Yes",-1.13,-1.26000000000001
"201","Greece","GR","Parliamentary",2009,70.92,79.24,"Yes",8.45,9.88
"202","Greece","GR","Parliamentary",2007,74.14,79.59,"Yes",3.22,0.350000000000009
"203","Greece","GR","Parliamentary",2004,76.62,87.66,"Yes",2.48,8.06999999999999
"204","Greece","GR","Parliamentary",2000,74.97,89.02,"Yes",-1.65000000000001,1.36
"205","Greece","GR","Parliamentary",1996,76.34,83.88,"Yes",1.37,-5.14
"206","Greece","GR","Parliamentary",1993,82.95,85.61,"Yes",6.61,1.73
"207","Greece","GR","Parliamentary",1989,84.5,85.84,"Yes",1.55,0.230000000000004
"208","Greece","GR","Parliamentary",1985,83.81,87.35,"Yes",-0.689999999999998,1.50999999999999
"209","Greece","GR","Parliamentary",1981,81.5,84.48,"Yes",-2.31,-2.86999999999999
"210","Greece","GR","Parliamentary",1977,81.11,82.41,"Yes",-0.390000000000001,-2.07000000000001
"211","Greece","GR","Parliamentary",1974,79.58,82.73,"Yes",-1.53,0.320000000000007
"212","Greece","GR","Parliamentary",1964,81.69,83.64,"Yes",2.11,0.909999999999997
"213","Greece","GR","Parliamentary",1963,83.04,85.32,"Yes",1.35000000000001,1.67999999999999
"214","Greece","GR","Parliamentary",1961,81.87,86.34,"Yes",-1.17,1.02000000000001
"215","Greece","GR","Parliamentary",1958,75.48,73.87,"Yes",-6.39,-12.47
"216","Greece","GR","Parliamentary",1956,74.97,67.87,"Yes",-0.510000000000005,-6
"217","Greece","GR","Parliamentary",1952,75.37,73.87,"Yes",0.400000000000006,6
"218","Greece","GR","Parliamentary",1951,77.2,80.16,"Yes",1.83,6.28999999999999
"219","Greece","GR","Parliamentary",1950,NA,80.1,"Yes",NA,-0.0600000000000023
"220","Greece","GR","Parliamentary",1946,NA,53.54,"Yes",NA,-26.56
"221","Hungary","HU","Parliamentary",2014,61.84,63.36,"No",NA,NA
"222","Hungary","HU","Parliamentary",2010,64.38,63.67,"No",2.53999999999999,0.310000000000002
"223","Hungary","HU","Parliamentary",2006,67.57,68.84,"No",3.19,5.17
"224","Hungary","HU","Parliamentary",2002,70.52,71.55,"No",2.95,2.70999999999999
"225","Hungary","HU","Parliamentary",1998,57.01,59.03,"No",-13.51,-12.52
"226","Hungary","HU","Parliamentary",1994,68.92,69.43,"No",11.91,10.4
"227","Hungary","HU","Parliamentary",1990,65.1,65.52,"No",-3.82000000000001,-3.91000000000001
"228","Iceland","IS","Parliamentary",2013,81.44,80.01,"No",NA,NA
"229","Iceland","IS","Parliamentary",2009,85.12,84.74,"No",3.68000000000001,4.72999999999999
"230","Iceland","IS","Parliamentary",2007,83.6,84.65,"No",-1.52000000000001,-0.0899999999999892
"231","Iceland","IS","Parliamentary",2003,87.7,89.12,"No",4.10000000000001,4.47
"232","Iceland","IS","Parliamentary",1999,84.07,86.18,"No",-3.63000000000001,-2.94
"233","Iceland","IS","Parliamentary",1995,87.38,87.83,"No",3.31,1.64999999999999
"234","Iceland","IS","Parliamentary",1991,87.62,88.67,"No",0.240000000000009,0.840000000000003
"235","Iceland","IS","Parliamentary",1987,90.1,92.32,"No",2.47999999999999,3.64999999999999
"236","Iceland","IS","Parliamentary",1983,88.6,88.19,"No",-1.5,-4.13
"237","Iceland","IS","Parliamentary",1979,89.34,90.59,"No",0.740000000000009,2.40000000000001
"238","Iceland","IS","Parliamentary",1978,90.27,89.56,"No",0.929999999999993,-1.03
"239","Iceland","IS","Parliamentary",1974,91.44,87.56,"No",1.17,-2
"240","Iceland","IS","Parliamentary",1971,90.44,89.37,"No",-1,1.81
"241","Iceland","IS","Parliamentary",1967,91.37,88.96,"No",0.930000000000007,-0.410000000000011
"242","Iceland","IS","Parliamentary",1963,91.14,89.39,"No",-0.230000000000004,0.430000000000007
"243","Iceland","IS","Parliamentary",1959,90.63,89.44,"No",-0.510000000000005,0.0499999999999972
"244","Iceland","IS","Parliamentary",1956,92.07,91.92,"No",1.44,2.48
"245","Iceland","IS","Parliamentary",1953,89.9,92.11,"No",-2.16999999999999,0.189999999999998
"246","Iceland","IS","Parliamentary",1949,89.03,88.9,"No",-0.870000000000005,-3.20999999999999
"247","Iceland","IS","Parliamentary",1946,87.41,87.18,"No",-1.62,-1.72
"248","Ireland","IE","Parliamentary",2011,70.05,63.78,"No",NA,NA
"249","Ireland","IE","Parliamentary",2007,67.03,68.89,"No",-3.02,5.11
"250","Ireland","IE","Parliamentary",2002,62.57,66.98,"No",-4.46,-1.91
"251","Ireland","IE","Parliamentary",1997,65.92,67.38,"No",3.35,0.399999999999991
"252","Ireland","IE","Parliamentary",1992,68.49,73.65,"No",2.56999999999999,6.27000000000001
"253","Ireland","IE","Parliamentary",1989,68.51,71.23,"No",0.0200000000000102,-2.42
"254","Ireland","IE","Parliamentary",1987,73.33,77.87,"No",4.81999999999999,6.64
"255","Ireland","IE","Parliamentary",1982,72.86,76.33,"No",-0.469999999999999,-1.54000000000001
"256","Ireland","IE","Parliamentary",1981,76.22,78.78,"No",3.36,2.45
"257","Ireland","IE","Parliamentary",1977,76.31,85.17,"No",0.0900000000000034,6.39
"258","Ireland","IE","Parliamentary",1973,76.61,77.76,"No",0.299999999999997,-7.41
"259","Ireland","IE","Parliamentary",1969,76.93,77.22,"No",0.320000000000007,-0.540000000000006
"260","Ireland","IE","Parliamentary",1965,75.14,74.43,"No",-1.79000000000001,-2.78999999999999
"261","Ireland","IE","Parliamentary",1961,70.61,70.96,"No",-4.53,-3.47000000000001
"262","Ireland","IE","Parliamentary",1957,71.25,70.38,"No",0.640000000000001,-0.579999999999998
"263","Ireland","IE","Parliamentary",1954,76.45,75.34,"No",5.2,4.96000000000001
"264","Ireland","IE","Parliamentary",1951,75.27,74.39,"No",-1.18000000000001,-0.950000000000003
"265","Ireland","IE","Parliamentary",1948,74.25,73.41,"No",-1.02,-0.980000000000004
"266","Italy","IT","Parliamentary",2013,75.19,68.33,"No",NA,NA
"267","Italy","IT","Parliamentary",2008,80.54,79.13,"No",5.35000000000001,10.8
"268","Italy","IT","Parliamentary",2006,83.62,82.13,"No",3.08,3
"269","Italy","IT","Parliamentary",2001,81.44,84.92,"No",-2.18000000000001,2.79000000000001
"270","Italy","IT","Parliamentary",1996,82.91,87.35,"No",1.47,2.42999999999999
"271","Italy","IT","Parliamentary",1994,86.14,90.84,"No",3.23,3.49000000000001
"272","Italy","IT","Parliamentary",1992,87.44,92.34,"Yes",1.3,1.5
"273","Italy","IT","Parliamentary",1987,88.86,94.4,"Yes",1.42,2.06
"274","Italy","IT","Parliamentary",1983,89.02,91.76,"Yes",0.159999999999997,-2.64
"275","Italy","IT","Parliamentary",1979,90.35,92.75,"Yes",1.33,0.989999999999995
"276","Italy","IT","Parliamentary",1976,93.37,95.43,"Yes",3.02000000000001,2.68000000000001
"277","Italy","IT","Parliamentary",1972,93.18,94.7,"Yes",-0.189999999999998,-0.730000000000004
"278","Italy","IT","Parliamentary",1968,92.79,93.1,"Yes",-0.390000000000001,-1.60000000000001
"279","Italy","IT","Parliamentary",1963,92.88,95.31,"Yes",0.0899999999999892,2.21000000000001
"280","Italy","IT","Parliamentary",1958,93.72,93.92,"Yes",0.840000000000003,-1.39
"281","Italy","IT","Parliamentary",1953,93.87,91.53,"Yes",0.150000000000006,-2.39
"282","Italy","IT","Parliamentary",1948,92.23,93.26,"Yes",-1.64,1.73
"283","Italy","IT","Parliamentary",1946,89.08,88.01,"Yes",-3.15000000000001,-5.25
"284","Japan","JP","Parliamentary",2014,52.66,51.97,"No",NA,NA
"285","Japan","JP","Parliamentary",2012,59.32,59.67,"No",6.66,7.7
"286","Japan","JP","Parliamentary",2009,69.27,69.34,"No",9.95,9.67
"287","Japan","JP","Parliamentary",2005,67.46,66.62,"No",-1.81,-2.72
"288","Japan","JP","Parliamentary",2003,59.8,59.07,"No",-7.66,-7.55
"289","Japan","JP","Parliamentary",2000,60.62,59.02,"No",0.82,-0.0499999999999972
"290","Japan","JP","Parliamentary",1996,59.65,60.27,"No",-0.969999999999999,1.25
"291","Japan","JP","Parliamentary",1993,67.02,66.25,"No",7.37,5.98
"292","Japan","JP","Parliamentary",1990,73.31,74.95,"No",6.29000000000001,8.7
"293","Japan","JP","Parliamentary",1986,63.99,71.53,"No",-9.32,-3.42
"294","Japan","JP","Parliamentary",1983,67.94,67.6,"No",3.95,-3.93000000000001
"295","Japan","JP","Parliamentary",1980,74.56,74.7,"No",6.62,7.10000000000001
"296","Japan","JP","Parliamentary",1979,68,68.18,"No",-6.56,-6.52
"297","Japan","JP","Parliamentary",1976,73.44,73.55,"No",5.44,5.36999999999999
"298","Japan","JP","Parliamentary",1972,71.75,73.86,"No",-1.69,0.310000000000002
"299","Japan","JP","Parliamentary",1969,68.5,68.63,"No",-3.25,-5.23
"300","Japan","JP","Parliamentary",1967,73.98,73.36,"No",5.48,4.73
"301","Japan","JP","Parliamentary",1963,71.14,68.62,"No",-2.84,-4.73999999999999
"302","Japan","JP","Parliamentary",1960,73.5,71.38,"No",2.36,2.75999999999999
"303","Japan","JP","Parliamentary",1958,76.98,72.91,"No",3.48,1.53
"304","Japan","JP","Parliamentary",1955,75.83,73.59,"No",-1.15000000000001,0.680000000000007
"305","Japan","JP","Parliamentary",1953,74.21,70.71,"No",-1.62,-2.88000000000001
"306","Japan","JP","Parliamentary",1952,76.43,77.43,"No",2.22000000000001,6.72000000000001
"307","Japan","JP","Parliamentary",1949,74.04,70.59,"No",-2.39,-6.84
"308","Japan","JP","Parliamentary",1947,67.95,65.91,"No",-6.09,-4.68000000000001
"309","Japan","JP","Parliamentary",1946,72.08,64.94,"No",4.13,-0.969999999999999
"310","Latvia","LV","Parliamentary",2014,58.8,51.69,"No",NA,NA
"311","Latvia","LV","Parliamentary",2011,59.49,53.02,"No",0.690000000000005,1.33000000000001
"312","Latvia","LV","Parliamentary",2010,64.72,52.46,"No",5.23,-0.560000000000002
"313","Latvia","LV","Parliamentary",2006,60.98,50.18,"No",-3.74,-2.28
"314","Latvia","LV","Parliamentary",2002,71.17,55.08,"No",10.19,4.9
"315","Latvia","LV","Parliamentary",1998,71.9,51.91,"No",0.730000000000004,-3.17
"316","Latvia","LV","Parliamentary",1995,71.9,50.64,"No",0,-1.27
"317","Latvia","LV","Parliamentary",1993,89.88,57.72,"No",17.98,7.08
"318","Latvia","LV","Parliamentary",1990,81.2,80.95,"No",-8.67999999999999,23.23
"319","Lithuania","LT","Parliamentary",2012,52.93,55.86,"No",NA,NA
"320","Lithuania","LT","Parliamentary",2008,48.59,46.15,"No",-4.34,-9.71
"321","Lithuania","LT","Parliamentary",2004,46.04,43.33,"No",-2.55,-2.82
"322","Lithuania","LT","Parliamentary",2000,58.18,50.43,"No",12.14,7.1
"323","Lithuania","LT","Parliamentary",1996,52.92,49.96,"No",-5.26,-0.469999999999999
"324","Lithuania","LT","Parliamentary",1992,75.22,70.21,"No",22.3,20.25
"325","Luxembourg","LU","Parliamentary",2013,91.15,55.12,"Yes",NA,NA
"326","Luxembourg","LU","Parliamentary",2009,90.93,53.2,"Yes",-0.219999999999999,-1.91999999999999
"327","Luxembourg","LU","Parliamentary",2004,91.68,56.5,"Yes",0.75,3.3
"328","Luxembourg","LU","Parliamentary",1999,86.51,56.92,"Yes",-5.17,0.420000000000002
"329","Luxembourg","LU","Parliamentary",1994,88.3,60.52,"Yes",1.78999999999999,3.6
"330","Luxembourg","LU","Parliamentary",1989,87.39,64.07,"Yes",-0.909999999999997,3.54999999999999
"331","Luxembourg","LU","Parliamentary",1984,88.81,66.83,"Yes",1.42,2.76000000000001
"332","Luxembourg","LU","Parliamentary",1979,88.85,68.48,"Yes",0.039999999999992,1.65000000000001
"333","Luxembourg","LU","Parliamentary",1974,90.14,73.74,"Yes",1.29000000000001,5.25999999999999
"334","Luxembourg","LU","Parliamentary",1968,88.56,67.79,"Yes",-1.58,-5.94999999999999
"335","Luxembourg","LU","Parliamentary",1964,90.57,72.55,"Yes",2.00999999999999,4.75999999999999
"336","Luxembourg","LU","Parliamentary",1959,92.33,74.29,"Yes",1.76000000000001,1.74000000000001
"337","Luxembourg","LU","Parliamentary",1954,92.65,73.14,"Yes",0.320000000000007,-1.15000000000001
"338","Luxembourg","LU","Parliamentary",1951,90.78,37.29,"Yes",-1.87,-35.85
"339","Luxembourg","LU","Parliamentary",1948,91.9,35.55,"Yes",1.12,-1.74
"340","Luxembourg","LU","Parliamentary",1945,NA,74.95,"Yes",NA,39.4
"341","Malta","MT","Parliamentary",2013,92.95,91.72,"No",NA,NA
"342","Malta","MT","Parliamentary",2008,93.3,88.88,"No",0.349999999999994,-2.84
"343","Malta","MT","Parliamentary",2003,95.7,95.35,"No",2.40000000000001,6.47
"344","Malta","MT","Parliamentary",1998,95.4,95.93,"No",-0.299999999999997,0.580000000000013
"345","Malta","MT","Parliamentary",1996,97.16,98.02,"No",1.75999999999999,2.08999999999999
"346","Malta","MT","Parliamentary",1992,96.04,95.33,"No",-1.11999999999999,-2.69
"347","Malta","MT","Parliamentary",1987,96.11,95.57,"No",0.0699999999999932,0.239999999999995
"348","Malta","MT","Parliamentary",1981,94.64,86.03,"No",-1.47,-9.53999999999999
"349","Malta","MT","Parliamentary",1976,95,89.81,"No",0.359999999999999,3.78
"350","Malta","MT","Parliamentary",1971,92.93,77.55,"No",-2.06999999999999,-12.26
"351","Malta","MT","Parliamentary",1966,89.71,76.73,"No",-3.22000000000001,-0.819999999999993
"352","Malta","MT","Parliamentary",1962,90.77,79.41,"No",1.06,2.67999999999999
"353","Malta","MT","Parliamentary",1955,81.16,67.74,"No",-9.61,-11.67
"354","Malta","MT","Parliamentary",1953,80.37,66.04,"No",-0.789999999999992,-1.69999999999999
"355","Malta","MT","Parliamentary",1951,74.59,60.37,"No",-5.78,-5.67000000000001
"356","Malta","MT","Parliamentary",1950,76.02,57.06,"No",1.42999999999999,-3.31
"357","Malta","MT","Parliamentary",1947,75.44,58.97,"No",-0.579999999999998,1.91
"358","Netherlands","NL","Parliamentary",2012,74.56,71.02,"No",NA,NA
"359","Netherlands","NL","Parliamentary",2010,75.4,71.13,"No",0.840000000000003,0.109999999999999
"360","Netherlands","NL","Parliamentary",2006,80.35,77.48,"No",4.94999999999999,6.35000000000001
"361","Netherlands","NL","Parliamentary",2003,80.04,77.54,"No",-0.309999999999988,0.0600000000000023
"362","Netherlands","NL","Parliamentary",2002,79.06,76.82,"No",-0.980000000000004,-0.720000000000013
"363","Netherlands","NL","Parliamentary",1998,73.23,70.12,"No",-5.83,-6.69999999999999
"364","Netherlands","NL","Parliamentary",1994,78.75,75.2,"No",5.52,5.08
"365","Netherlands","NL","Parliamentary",1989,80.27,78.01,"No",1.52,2.81
"366","Netherlands","NL","Parliamentary",1986,85.76,84.22,"No",5.49000000000001,6.20999999999999
"367","Netherlands","NL","Parliamentary",1982,80.98,80.3,"No",-4.78,-3.92
"368","Netherlands","NL","Parliamentary",1981,87.03,85.19,"No",6.05,4.89
"369","Netherlands","NL","Parliamentary",1977,88,86.27,"No",0.969999999999999,1.08
"370","Netherlands","NL","Parliamentary",1972,83.5,90.09,"No",-4.5,3.82000000000001
"371","Netherlands","NL","Parliamentary",1971,79.08,77.83,"No",-4.42,-12.26
"372","Netherlands","NL","Parliamentary",1967,94.95,92.07,"Yes",15.87,14.24
"373","Netherlands","NL","Parliamentary",1963,95.13,87.95,"Yes",0.179999999999993,-4.11999999999999
"374","Netherlands","NL","Parliamentary",1959,95.57,88.76,"Yes",0.439999999999998,0.810000000000002
"375","Netherlands","NL","Parliamentary",1956,95.5,88.07,"Yes",-0.0699999999999932,-0.690000000000012
"376","Netherlands","NL","Parliamentary",1952,94.98,86.87,"Yes",-0.519999999999996,-1.19999999999999
"377","Netherlands","NL","Parliamentary",1948,93.67,85.14,"Yes",-1.31,-1.73
"378","Netherlands","NL","Parliamentary",1946,93.12,85.47,"Yes",-0.549999999999997,0.329999999999998
"379","New Zealand","NZ","Parliamentary",2014,76.95,72.35,"No",NA,NA
"380","New Zealand","NZ","Parliamentary",2011,74.21,69.83,"No",-2.74000000000001,-2.52
"381","New Zealand","NZ","Parliamentary",2008,79.46,77.84,"No",5.25,8.01000000000001
"382","New Zealand","NZ","Parliamentary",2005,80.29,79.22,"No",0.830000000000013,1.38
"383","New Zealand","NZ","Parliamentary",2002,76.98,72.49,"No",-3.31,-6.73
"384","New Zealand","NZ","Parliamentary",1999,84.77,76.11,"No",7.78999999999999,3.62
"385","New Zealand","NZ","Parliamentary",1996,88.28,83.02,"No",3.51000000000001,6.91
"386","New Zealand","NZ","Parliamentary",1993,85.2,79.61,"No",-3.08,-3.41
"387","New Zealand","NZ","Parliamentary",1990,85.24,78.62,"No",0.039999999999992,-0.989999999999995
"388","New Zealand","NZ","Parliamentary",1987,89.06,81.43,"No",3.82000000000001,2.81
"389","New Zealand","NZ","Parliamentary",1984,93.71,87.44,"No",4.64999999999999,6.00999999999999
"390","New Zealand","NZ","Parliamentary",1981,91.44,88.86,"No",-2.27,1.42
"391","New Zealand","NZ","Parliamentary",1978,84.9,82.32,"No",-6.53999999999999,-6.54000000000001
"392","New Zealand","NZ","Parliamentary",1975,83.17,81.7,"No",-1.73,-0.61999999999999
"393","New Zealand","NZ","Parliamentary",1972,89.83,85.31,"No",6.66,3.61
"394","New Zealand","NZ","Parliamentary",1969,89.88,85.62,"No",0.0499999999999972,0.310000000000002
"395","New Zealand","NZ","Parliamentary",1966,86.6,79.35,"No",-3.28,-6.27000000000001
"396","New Zealand","NZ","Parliamentary",1963,89.56,83.32,"No",2.96000000000001,3.97
"397","New Zealand","NZ","Parliamentary",1960,90.26,85.55,"No",0.700000000000003,2.23
"398","New Zealand","NZ","Parliamentary",1957,93.44,85.54,"No",3.17999999999999,-0.00999999999999091
"399","New Zealand","NZ","Parliamentary",1954,94.57,91.08,"No",1.13,5.53999999999999
"400","New Zealand","NZ","Parliamentary",1951,96.21,95.11,"No",1.64,4.03
"401","New Zealand","NZ","Parliamentary",1949,97.01,99.57,"No",0.800000000000011,4.45999999999999
"402","New Zealand","NZ","Parliamentary",1946,97.6,92.13,"No",0.589999999999989,-7.44
"403","Norway","NO","Parliamentary",2013,78.23,77.93,"No",NA,NA
"404","Norway","NO","Parliamentary",2009,76.37,74.74,"No",-1.86,-3.19000000000001
"405","Norway","NO","Parliamentary",2005,77.44,76.54,"No",1.06999999999999,1.80000000000001
"406","Norway","NO","Parliamentary",2001,75.48,73.5,"No",-1.95999999999999,-3.04000000000001
"407","Norway","NO","Parliamentary",1997,78.33,76.77,"No",2.84999999999999,3.27
"408","Norway","NO","Parliamentary",1993,75.85,74.47,"No",-2.48,-2.3
"409","Norway","NO","Parliamentary",1989,83.16,81.52,"No",7.31,7.05
"410","Norway","NO","Parliamentary",1985,84.03,83.65,"No",0.870000000000005,2.13000000000001
"411","Norway","NO","Parliamentary",1981,81.99,82.26,"No",-2.04000000000001,-1.39
"412","Norway","NO","Parliamentary",1977,82.89,79.17,"No",0.900000000000006,-3.09
"413","Norway","NO","Parliamentary",1973,80.24,80.06,"No",-2.65000000000001,0.890000000000001
"414","Norway","NO","Parliamentary",1969,83.84,85.11,"No",3.60000000000001,5.05
"415","Norway","NO","Parliamentary",1965,85.43,85.03,"No",1.59,-0.0799999999999983
"416","Norway","NO","Parliamentary",1961,79.07,77.67,"No",-6.36000000000001,-7.36
"417","Norway","NO","Parliamentary",1957,78.32,76.94,"No",-0.75,-0.730000000000004
"418","Norway","NO","Parliamentary",1953,79.33,79.55,"No",1.01000000000001,2.61
"419","Norway","NO","Parliamentary",1949,82.02,80.55,"No",2.69,1
"420","Norway","NO","Parliamentary",1945,76.36,71.35,"No",-5.66,-9.2
"421","Poland","PL","Parliamentary",2011,48.92,48.54,"No",NA,NA
"422","Poland","PL","Parliamentary",2007,53.88,54.24,"No",4.96,5.7
"423","Poland","PL","Parliamentary",2005,40.57,40.87,"No",-13.31,-13.37
"424","Poland","PL","Parliamentary",2001,46.18,47.63,"No",5.61,6.76000000000001
"425","Poland","PL","Parliamentary",1997,47.93,48.8,"No",1.75,1.16999999999999
"426","Poland","PL","Parliamentary",1993,52.08,52,"No",4.15,3.2
"427","Poland","PL","Parliamentary",1991,43.2,44.4,"No",-8.88,-7.6
"428","Poland","PL","Parliamentary",1989,62.11,63.96,"No",18.91,19.56
"429","Poland","PL","Parliamentary",1985,78.86,NA,"No",16.75,NA
"430","Poland","PL","Parliamentary",1980,98.87,NA,"No",20.01,NA
"431","Poland","PL","Parliamentary",1976,98.27,NA,"No",-0.600000000000009,NA
"432","Poland","PL","Parliamentary",1972,97.94,NA,"No",-0.329999999999998,NA
"433","Poland","PL","Parliamentary",1969,97.61,NA,"No",-0.329999999999998,NA
"434","Poland","PL","Parliamentary",1965,96.62,NA,"No",-0.989999999999995,NA
"435","Poland","PL","Parliamentary",1961,94.83,NA,"No",-1.79000000000001,NA
"436","Poland","PL","Parliamentary",1957,94.14,NA,"No",-0.689999999999998,NA
"437","Poland","PL","Parliamentary",1952,95.03,NA,"No",0.890000000000001,NA
"438","Poland","PL","Parliamentary",1947,NA,NA,"No",NA,NA
"439","Portugal","PT","Parliamentary",2015,56.93,61.37,"No",NA,NA
"440","Portugal","PT","Parliamentary",2011,58.03,64.49,"No",1.1,3.12
"441","Portugal","PT","Parliamentary",2009,59.68,66.14,"No",1.65,1.65000000000001
"442","Portugal","PT","Parliamentary",2005,64.26,69.23,"No",4.58000000000001,3.09
"443","Portugal","PT","Parliamentary",2002,62.84,68.62,"No",-1.42,-0.609999999999999
"444","Portugal","PT","Parliamentary",1999,61.05,69.27,"No",-1.79000000000001,0.649999999999991
"445","Portugal","PT","Parliamentary",1995,66.3,79.11,"No",5.25,9.84
"446","Portugal","PT","Parliamentary",1991,68.18,77.71,"No",1.88000000000001,-1.40000000000001
"447","Portugal","PT","Parliamentary",1987,72.64,78.15,"No",4.45999999999999,0.440000000000012
"448","Portugal","PT","Parliamentary",1985,75.37,79.69,"No",2.73,1.53999999999999
"449","Portugal","PT","Parliamentary",1983,78.64,77.43,"No",3.27,-2.25999999999999
"450","Portugal","PT","Parliamentary",1980,85.45,87.91,"No",6.81,10.48
"451","Portugal","PT","Parliamentary",1979,87.54,88.25,"No",2.09,0.340000000000003
"452","Portugal","PT","Parliamentary",1976,83.27,83.29,"No",-4.27000000000001,-4.95999999999999
"453","Portugal","PT","Parliamentary",1975,91.73,89.73,"No",8.46000000000001,6.44
"454","Romania","RO","Parliamentary",2012,41.76,42.81,"No",NA,NA
"455","Romania","RO","Parliamentary",2008,39.2,40.48,"No",-2.56,-2.33000000000001
"456","Romania","RO","Parliamentary",2004,58.51,62.26,"No",19.31,21.78
"457","Romania","RO","Parliamentary",2000,65.31,62.16,"No",6.8,-0.100000000000001
"458","Romania","RO","Parliamentary",1996,76.01,78.2,"No",10.7,16.04
"459","Romania","RO","Parliamentary",1992,76.29,76.16,"No",0.280000000000001,-2.04000000000001
"460","Slovakia","SK","Parliamentary",2012,59.11,57.85,"No",NA,NA
"461","Slovakia","SK","Parliamentary",2010,58.84,58.38,"No",-0.269999999999996,0.530000000000001
"462","Slovakia","SK","Parliamentary",2006,54.67,56.4,"No",-4.17,-1.98
"463","Slovakia","SK","Parliamentary",2002,70.07,71.63,"No",15.4,15.23
"464","Slovakia","SK","Parliamentary",1998,84.25,78.86,"No",14.18,7.23
"465","Slovakia","SK","Parliamentary",1994,75.41,75.93,"No",-8.84,-2.92999999999999
"466","Slovakia","SK","Parliamentary",1992,84.68,83.76,"No",9.27000000000001,7.83
"467","Slovakia","SK","Parliamentary",1990,96.33,93.06,"No",11.65,9.3
"468","Slovenia","SI","Parliamentary",2014,51.73,54.09,"No",NA,NA
"469","Slovenia","SI","Parliamentary",2011,65.6,66.99,"No",13.87,12.9
"470","Slovenia","SI","Parliamentary",2008,63.1,65.04,"No",-2.49999999999999,-1.94999999999999
"471","Slovenia","SI","Parliamentary",2004,60.64,61.09,"No",-2.46,-3.95
"472","Slovenia","SI","Parliamentary",2000,70.36,72.33,"No",9.72,11.24
"473","Slovenia","SI","Parliamentary",1996,73.67,75.75,"No",3.31,3.42
"474","Slovenia","SI","Parliamentary",1992,85.9,85.52,"No",12.23,9.77
"475","Spain","ES","Parliamentary",2011,68.94,63.26,"No",NA,NA
"476","Spain","ES","Parliamentary",2008,75.32,69.94,"No",6.38,6.68
"477","Spain","ES","Parliamentary",2004,75.66,76.25,"No",0.340000000000003,6.31
"478","Spain","ES","Parliamentary",2000,68.71,73.79,"No",-6.95,-2.45999999999999
"479","Spain","ES","Parliamentary",1996,78.06,80.56,"No",9.35000000000001,6.77
"480","Spain","ES","Parliamentary",1993,77.05,77.43,"No",-1.01000000000001,-3.13
"481","Spain","ES","Parliamentary",1989,70.01,71.28,"No",-7.03999999999999,-6.15000000000001
"482","Spain","ES","Parliamentary",1986,70.37,73.72,"No",0.359999999999999,2.44
"483","Spain","ES","Parliamentary",1982,79.83,83.11,"No",9.45999999999999,9.39
"484","Spain","ES","Parliamentary",1979,68.13,72.32,"No",-11.7,-10.79
"485","Spain","ES","Parliamentary",1977,76.96,79.36,"No",8.83,7.04000000000001
"486","Sweden","SE","Parliamentary",2014,85.81,82.61,"No",NA,NA
"487","Sweden","SE","Parliamentary",2010,84.63,82.63,"No",-1.18000000000001,0.019999999999996
"488","Sweden","SE","Parliamentary",2006,81.99,80.6,"No",-2.64,-2.03
"489","Sweden","SE","Parliamentary",2002,80.11,78.04,"No",-1.88,-2.55999999999999
"490","Sweden","SE","Parliamentary",1998,81.39,77.72,"No",1.28,-0.320000000000007
"491","Sweden","SE","Parliamentary",1994,86.82,82.36,"No",5.42999999999999,4.64
"492","Sweden","SE","Parliamentary",1991,86.74,82.77,"No",-0.0799999999999983,0.409999999999997
"493","Sweden","SE","Parliamentary",1988,85.96,82.68,"No",-0.780000000000001,-0.0899999999999892
"494","Sweden","SE","Parliamentary",1985,89.85,86.22,"No",3.89,3.53999999999999
"495","Sweden","SE","Parliamentary",1982,91.45,88.61,"No",1.60000000000001,2.39
"496","Sweden","SE","Parliamentary",1979,90.72,86.94,"No",-0.730000000000004,-1.67
"497","Sweden","SE","Parliamentary",1976,91.76,88.49,"No",1.04000000000001,1.55
"498","Sweden","SE","Parliamentary",1973,90.84,85.81,"No",-0.920000000000002,-2.67999999999999
"499","Sweden","SE","Parliamentary",1970,88.28,87.31,"No",-2.56,1.5
"500","Sweden","SE","Parliamentary",1968,89.29,86.57,"No",1.01000000000001,-0.740000000000009
"501","Sweden","SE","Parliamentary",1964,83.86,80.85,"No",-5.43000000000001,-5.72
"502","Sweden","SE","Parliamentary",1960,85.91,82.76,"No",2.05,1.91000000000001
"503","Sweden","SE","Parliamentary",1958,77.42,75.6,"No",-8.48999999999999,-7.16000000000001
"504","Sweden","SE","Parliamentary",1956,79.84,77.31,"No",2.42,1.71000000000001
"505","Sweden","SE","Parliamentary",1952,79.11,77.32,"No",-0.730000000000004,0.00999999999999091
"506","Sweden","SE","Parliamentary",1948,82.74,82.02,"No",3.63,4.7
"507","Switzerland","CH","Parliamentary",2011,49.1,40.04,"No",NA,NA
"508","Switzerland","CH","Parliamentary",2007,48.28,39.79,"No",-0.82,-0.25
"509","Switzerland","CH","Parliamentary",2003,45.22,37.27,"No",-3.06,-2.52
"510","Switzerland","CH","Parliamentary",1999,43.22,34.94,"No",-2,-2.33000000000001
"511","Switzerland","CH","Parliamentary",1995,42.25,35.66,"No",-0.969999999999999,0.719999999999999
"512","Switzerland","CH","Parliamentary",1991,46.04,39.67,"No",3.79,4.01000000000001
"513","Switzerland","CH","Parliamentary",1987,47.48,39.9,"No",1.44,0.229999999999997
"514","Switzerland","CH","Parliamentary",1983,48.91,40.79,"No",1.43,0.890000000000001
"515","Switzerland","CH","Parliamentary",1979,48.06,40.6,"No",-0.849999999999994,-0.189999999999998
"516","Switzerland","CH","Parliamentary",1975,52.39,43.62,"No",4.33,3.02
"517","Switzerland","CH","Parliamentary",1971,56.36,45.02,"Yes",3.97,1.40000000000001
"518","Switzerland","CH","Parliamentary",1967,63.76,53.21,"Yes",7.4,8.19
"519","Switzerland","CH","Parliamentary",1963,64.46,53.46,"Yes",0.699999999999996,0.25
"520","Switzerland","CH","Parliamentary",1959,68.46,58.11,"Yes",4,4.65
"521","Switzerland","CH","Parliamentary",1955,68.71,60.78,"Yes",0.25,2.67
"522","Switzerland","CH","Parliamentary",1951,69.78,62.98,"Yes",1.07000000000001,2.2
"523","Switzerland","CH","Parliamentary",1947,71.69,66.01,"Yes",1.91,3.03000000000001
"524","United Kingdom","GB","Parliamentary",2015,66.12,60.45,"No",NA,NA
"525","United Kingdom","GB","Parliamentary",2010,65.77,61.06,"No",-0.350000000000009,0.609999999999999
"526","United Kingdom","GB","Parliamentary",2005,61.36,58.32,"No",-4.41,-2.74
"527","United Kingdom","GB","Parliamentary",2001,59.38,57.56,"No",-1.98,-0.759999999999998
"528","United Kingdom","GB","Parliamentary",1997,71.46,69.39,"No",12.08,11.83
"529","United Kingdom","GB","Parliamentary",1992,77.83,75.36,"No",6.37,5.97
"530","United Kingdom","GB","Parliamentary",1987,75.42,75.17,"No",-2.41,-0.189999999999998
"531","United Kingdom","GB","Parliamentary",1983,72.81,71.7,"No",-2.61,-3.47
"532","United Kingdom","GB","Parliamentary",1979,76,75.06,"No",3.19,3.36
"533","United Kingdom","GB","Parliamentary",1974,72.93,77.88,"No",-3.06999999999999,2.81999999999999
"534","United Kingdom","GB","Parliamentary",1970,72.15,71.15,"No",-0.780000000000001,-6.72999999999999
"535","United Kingdom","GB","Parliamentary",1966,75.96,73.77,"No",3.80999999999999,2.61999999999999
"536","United Kingdom","GB","Parliamentary",1964,77.17,75.13,"No",1.21000000000001,1.36
"537","United Kingdom","GB","Parliamentary",1959,78.71,77.46,"No",1.53999999999999,2.33
"538","United Kingdom","GB","Parliamentary",1955,76.78,75.75,"No",-1.92999999999999,-1.70999999999999
"539","United Kingdom","GB","Parliamentary",1951,81.89,81.36,"No",5.11,5.61
"540","United Kingdom","GB","Parliamentary",1950,83.61,81.59,"No",1.72,0.230000000000004
"541","United Kingdom","GB","Parliamentary",1945,72.55,70.05,"No",-11.06,-11.54
