"","country","year","yrsoffc","prtyin","legelec","mdmh","tensys","liec","eiec","thresh"
"21","Turk Cyprus",1993,18,NA,1,NA,3,7,7,2
"26","Turk Cyprus",1998,23,NA,1,NA,8,7,7,2
"31","Turk Cyprus",2003,28,NA,1,NA,13,7,7,2
"33","Turk Cyprus",2005,30,NA,1,NA,15,7,7,2
"37","Turk Cyprus",2009,4,4,1,13.3000001907349,19,7,7,0
"71","Afghanistan",2005,4,NA,1,7.32000017166138,4,1,1,NA
"76","Afghanistan",2010,9,NA,1,7.32000017166138,9,4,7,NA
"79","Angola",1975,NA,NA,NA,NA,NA,NA,NA,NA
"84","Angola",1980,1,5,1,NA,1,1,2,NA
"96","Angola",1992,13,17,1,NA,13,2,2,NA
"112","Angola",2008,29,33,1,78.9000015258789,29,3,2,0
"116","Angola",2012,33,37,1,78.9000015258789,33,6,2,0
"133","Albania",1991,6,47,1,NA,6,3,3,NA
"134","Albania",1992,7,48,1,NA,1,7,7,4
"138","Albania",1996,4,4,1,5.30000019073486,5,7,7,4
"139","Albania",1997,5,5,1,5.30000019073486,6,7,7,2
"143","Albania",2001,2,4,1,11.1000003814697,10,7,7,2
"147","Albania",2005,3,8,1,11.1000003814697,14,7,7,2
"151","Albania",2009,4,4,1,11.1000003814697,18,7,7,2
"186","UAE",2006,2,NA,1,NA,2,1,2,NA
"191","UAE",2011,7,NA,1,NA,7,2,2,NA
"201","Argentina",1983,1,NA,1,NA,1,1,2,NA
"205","Argentina",1987,4,4,1,10.6999998092651,4,7,7,3
"207","Argentina",1989,6,6,1,10.6999998092651,6,7,7,3
"209","Argentina",1991,2,2,1,10.6999998092651,8,7,7,3
"211","Argentina",1993,4,4,1,10.6999998092651,10,7,7,3
"213","Argentina",1995,6,6,1,10.6999998092651,12,7,7,3
"215","Argentina",1997,8,8,1,10.6999998092651,14,7,7,3
"217","Argentina",1999,10,10,1,10.6999998092651,16,7,7,3
"219","Argentina",2001,2,2,1,10.6999998092651,18,7,7,3
"221","Argentina",2003,1,2,1,10.6999998092651,20,7,7,3
"223","Argentina",2005,3,4,1,10.6999998092651,22,7,7,3
"225","Argentina",2007,5,6,1,10.6999998092651,24,7,7,3
"227","Argentina",2009,2,8,1,10.6999998092651,26,7,7,3
"229","Argentina",2011,4,10,1,10.6999998092651,28,7,7,3
"246","Armenia",1990,NA,NA,1,NA,NA,NA,NA,NA
"251","Armenia",1995,5,5,1,24.5,5,6.5,6,NA
"255","Armenia",1999,1,NA,1,24.5,3,7,7,5
"259","Armenia",2003,5,NA,1,62.1500015258789,7,7,7,5
"263","Armenia",2007,9,NA,1,62.1500015258789,11,7,7,5
"268","Armenia",2012,4,4,1,62.1500015258789,16,7,7,5
"271","Australia",1977,2,2,1,0.899999976158142,47,7,7,0
"274","Australia",1980,5,5,1,0.899999976158142,50,7,7,0
"277","Australia",1983,8,8,1,0.899999976158142,53,7,7,0
"278","Australia",1984,1,1,1,0.899999976158142,54,7,7,0
"281","Australia",1987,4,4,1,0.899999976158142,57,7,7,0
"284","Australia",1990,7,7,1,0.899999976158142,60,7,7,0
"287","Australia",1993,2,10,1,0.899999976158142,63,7,7,0
"290","Australia",1996,5,12,1,0.899999976158142,66,7,7,0
"292","Australia",1998,2,2,1,0.899999976158142,68,7,7,0
"295","Australia",2001,5,5,1,0.899999976158142,71,7,7,0
"298","Australia",2004,8,8,1,0.899999976158142,74,7,7,0
"301","Australia",2007,11,11,1,0.899999976158142,77,7,7,0
"304","Australia",2010,3,3,1,0.899999976158142,80,7,7,0
"307","Austria",1975,5,5,1,20.2999992370605,21,7,7,4
"311","Austria",1979,9,9,1,20.2999992370605,25,7,7,4
"315","Austria",1983,13,13,1,20.2999992370605,29,7,7,4
"318","Austria",1986,3,16,1,20.2999992370605,32,7,7,4
"322","Austria",1990,4,20,1,20.2999992370605,36,7,7,4
"326","Austria",1994,8,24,1,20.2999992370605,40,7,7,4
"327","Austria",1995,9,25,1,20.2999992370605,41,7,7,4
"331","Austria",1999,2,29,1,20.2999992370605,45,7,7,4
"334","Austria",2002,3,3,1,20.2999992370605,48,7,7,4
"338","Austria",2006,7,7,1,20.2999992370605,52,7,7,4
"340","Austria",2008,2,2,1,20.2999992370605,54,7,7,4
"344","Austria",2012,6,6,1,20.2999992370605,58,7,7,4
"345","Azerbaijan",1975,NA,NA,NA,NA,NA,NA,NA,NA
"346","Azerbaijan",1976,NA,NA,NA,NA,NA,NA,NA,NA
"347","Azerbaijan",1977,NA,NA,NA,NA,NA,NA,NA,NA
"348","Azerbaijan",1978,NA,NA,NA,NA,NA,NA,NA,NA
"349","Azerbaijan",1979,NA,NA,NA,NA,NA,NA,NA,NA
"350","Azerbaijan",1980,NA,NA,NA,NA,NA,NA,NA,NA
"351","Azerbaijan",1981,NA,NA,NA,NA,NA,NA,NA,NA
"352","Azerbaijan",1982,NA,NA,NA,NA,NA,NA,NA,NA
"353","Azerbaijan",1983,NA,NA,NA,NA,NA,NA,NA,NA
"354","Azerbaijan",1984,NA,NA,NA,NA,NA,NA,NA,NA
"355","Azerbaijan",1985,NA,NA,NA,NA,NA,NA,NA,NA
"356","Azerbaijan",1986,NA,NA,NA,NA,NA,NA,NA,NA
"357","Azerbaijan",1987,NA,NA,NA,NA,NA,NA,NA,NA
"358","Azerbaijan",1988,NA,NA,NA,NA,NA,NA,NA,NA
"359","Azerbaijan",1989,NA,NA,NA,NA,NA,NA,NA,NA
"360","Azerbaijan",1990,NA,NA,NA,NA,NA,NA,NA,NA
"361","Azerbaijan",1991,NA,NA,NA,NA,NA,NA,NA,NA
"365","Azerbaijan",1995,2,2,1,NA,2,6.5,6,NA
"375","Azerbaijan",2005,2,12,1,1,2,7,6,NA
"380","Azerbaijan",2010,7,17,1,1,7,7,6,NA
"390","Burundi",1982,6,8,1,NA,6,1,2,NA
"401","Burundi",1993,6,19,1,NA,6,4,2,NA
"413","Burundi",2005,2,NA,1,10.6000003814697,2,6,2,NA
"418","Burundi",2010,5,NA,1,5.88000011444092,5,7,3,0
"424","Belgium",1978,4,7,1,7.5,48,7,7,NA
"427","Belgium",1981,2,10,1,7.5,51,7,7,NA
"431","Belgium",1985,4,14,1,13.6300001144409,55,7,7,NA
"433","Belgium",1987,6,16,1,13.6300001144409,57,7,7,NA
"437","Belgium",1991,10,20,1,13.6300001144409,61,7,7,NA
"441","Belgium",1995,3,24,1,13.6300001144409,65,7,7,NA
"445","Belgium",1999,7,1,1,13.6300001144409,69,7,7,NA
"449","Belgium",2003,4,5,1,13.6300001144409,73,7,7,NA
"453","Belgium",2007,8,9,1,13.6300001144409,77,7,7,NA
"456","Belgium",2010,2,3,1,13.6300001144409,80,7,7,NA
"463","Benin",1979,7,4,1,NA,7,2,2,NA
"468","Benin",1984,12,9,1,NA,12,3,3,NA
"473","Benin",1989,17,14,1,NA,17,3,3,NA
"475","Benin",1991,19,16,1,13.8000001907349,19,3,3,NA
"479","Benin",1995,4,4,1,13.8000001907349,4,6.5,7,0
"483","Benin",1999,3,NA,1,3.46000003814697,4,7,7,0
"487","Benin",2003,7,NA,1,3.46000003814697,8,7,7,0
"491","Benin",2007,1,NA,1,3.46000003814697,12,7,7,0
"495","Benin",2011,5,NA,1,3.46000003814697,16,7,7,0
"500","Burkina Faso",1978,4,NA,1,NA,4,1,2,NA
"514","Burkina Faso",1992,1,1,1,NA,1,1,2,0
"519","Burkina Faso",1997,6,6,1,2.5,6,6,3,0
"524","Burkina Faso",2002,11,11,1,7.90000009536743,11,6,3,0
"529","Burkina Faso",2007,16,2,1,7.90000009536743,16,7,6,0
"534","Burkina Faso",2012,21,7,1,8.40999984741211,21,7,6,0
"539","Bangladesh",1979,4,1,1,NA,4,1,6,NA
"546","Bangladesh",1986,4,NA,1,1,4,1,2,NA
"548","Bangladesh",1988,6,NA,1,1,6,7,6,NA
"551","Bangladesh",1991,1,NA,1,1,1,7,2,NA
"556","Bangladesh",1996,5,5,1,1,5,7,7,NA
"561","Bangladesh",2001,5,5,1,1,10,7,7,NA
"568","Bangladesh",2008,NA,NA,1,1,NA,1,1,NA
"589","Bulgaria",1991,1,1,1,NA,1,7,7,NA
"599","Bulgaria",2001,4,5,1,7.69999980926514,11,7,7,4
"603","Bulgaria",2005,4,4,1,7.69999980926514,15,7,7,4
"607","Bulgaria",2009,4,4,1,7.73999977111816,19,7,7,4
"638","Bahrain",2002,3,NA,1,NA,3,1,2,NA
"642","Bahrain",2006,7,NA,1,1,7,4,2,NA
"646","Bahrain",2010,11,NA,1,1,11,6,2,NA
"651","Bahamas",1977,9,9,1,1,5,7,7,NA
"656","Bahamas",1982,14,14,1,1,14,6,6,NA
"661","Bahamas",1987,19,19,1,1,5,7,7,NA
"666","Bahamas",1992,24,24,1,1,10,7,7,NA
"671","Bahamas",1997,5,5,1,1,15,7,7,NA
"676","Bahamas",2002,5,10,1,1,20,7,7,NA
"681","Bahamas",2007,5,5,1,1,25,7,7,NA
"686","Bahamas",2012,5,5,1,1,30,7,7,NA
"687","Bosnia-Herz",1975,NA,NA,NA,NA,NA,NA,NA,NA
"688","Bosnia-Herz",1976,NA,NA,NA,NA,NA,NA,NA,NA
"689","Bosnia-Herz",1977,NA,NA,NA,NA,NA,NA,NA,NA
"690","Bosnia-Herz",1978,NA,NA,NA,NA,NA,NA,NA,NA
"691","Bosnia-Herz",1979,NA,NA,NA,NA,NA,NA,NA,NA
"692","Bosnia-Herz",1980,NA,NA,NA,NA,NA,NA,NA,NA
"693","Bosnia-Herz",1981,NA,NA,NA,NA,NA,NA,NA,NA
"694","Bosnia-Herz",1982,NA,NA,NA,NA,NA,NA,NA,NA
"695","Bosnia-Herz",1983,NA,NA,NA,NA,NA,NA,NA,NA
"696","Bosnia-Herz",1984,NA,NA,NA,NA,NA,NA,NA,NA
"697","Bosnia-Herz",1985,NA,NA,NA,NA,NA,NA,NA,NA
"698","Bosnia-Herz",1986,NA,NA,NA,NA,NA,NA,NA,NA
"699","Bosnia-Herz",1987,NA,NA,NA,NA,NA,NA,NA,NA
"700","Bosnia-Herz",1988,NA,NA,NA,NA,NA,NA,NA,NA
"701","Bosnia-Herz",1989,NA,NA,NA,NA,NA,NA,NA,NA
"702","Bosnia-Herz",1990,NA,NA,NA,NA,NA,NA,NA,NA
"703","Bosnia-Herz",1991,NA,NA,NA,NA,NA,NA,NA,NA
"704","Bosnia-Herz",1992,NA,NA,NA,NA,NA,NA,NA,NA
"705","Bosnia-Herz",1993,NA,NA,NA,NA,NA,NA,NA,NA
"706","Bosnia-Herz",1994,NA,NA,NA,NA,NA,NA,NA,NA
"NA",NA,NA,NA,NA,NA,NA,NA,NA,NA,NA
"NA.1",NA,NA,NA,NA,NA,NA,NA,NA,NA,NA
"712","Bosnia-Herz",2000,NA,NA,1,42,NA,NA,NA,0
"714","Bosnia-Herz",2002,NA,NA,1,42,NA,NA,NA,0
"718","Bosnia-Herz",2006,4,NA,1,42,4,7,7,0
"722","Bosnia-Herz",2010,4,NA,1,42,8,7,7,0
"725","Belarus",1975,NA,NA,NA,NA,NA,NA,NA,NA
"726","Belarus",1976,NA,NA,NA,NA,NA,NA,NA,NA
"727","Belarus",1977,NA,NA,NA,NA,NA,NA,NA,NA
"728","Belarus",1978,NA,NA,NA,NA,NA,NA,NA,NA
"729","Belarus",1979,NA,NA,NA,NA,NA,NA,NA,NA
"730","Belarus",1980,NA,NA,NA,NA,NA,NA,NA,NA
"731","Belarus",1981,NA,NA,NA,NA,NA,NA,NA,NA
"732","Belarus",1982,NA,NA,NA,NA,NA,NA,NA,NA
"733","Belarus",1983,NA,NA,NA,NA,NA,NA,NA,NA
"734","Belarus",1984,NA,NA,NA,NA,NA,NA,NA,NA
"735","Belarus",1985,NA,NA,NA,NA,NA,NA,NA,NA
"736","Belarus",1986,NA,NA,NA,NA,NA,NA,NA,NA
"737","Belarus",1987,NA,NA,NA,NA,NA,NA,NA,NA
"738","Belarus",1988,NA,NA,NA,NA,NA,NA,NA,NA
"739","Belarus",1989,NA,NA,NA,NA,NA,NA,NA,NA
"740","Belarus",1990,NA,NA,NA,NA,NA,NA,NA,NA
"745","Belarus",1995,1,NA,1,1,1,6.5,6,NA
"754","Belarus",2004,10,NA,1,NA,10,1,6,NA
"758","Belarus",2008,14,NA,1,1,14,7,6,NA
"762","Belarus",2012,NA,NA,1,1,NA,7,6,NA
"763","Belize",1975,NA,NA,NA,NA,NA,NA,NA,NA
"764","Belize",1976,NA,NA,NA,NA,NA,NA,NA,NA
"765","Belize",1977,NA,NA,NA,NA,NA,NA,NA,NA
"766","Belize",1978,NA,NA,NA,NA,NA,NA,NA,NA
"767","Belize",1979,NA,NA,NA,NA,NA,NA,NA,NA
"768","Belize",1980,NA,NA,NA,NA,NA,NA,NA,NA
"769","Belize",1981,NA,NA,NA,NA,NA,NA,NA,NA
"772","Belize",1984,5,5,1,1,3,7,7,NA
"777","Belize",1989,5,5,1,1,5,6,6,NA
"781","Belize",1993,4,4,1,1,4,7,7,NA
"786","Belize",1998,5,5,1,1,9,7,7,NA
"791","Belize",2003,5,5,1,1,5,6,7,NA
"796","Belize",2008,10,10,1,1.07000005245209,10,6,7,NA
"805","Bolivia",1979,1,NA,1,NA,1,1,2,NA
"811","Bolivia",1985,3,3,1,NA,3,7,2,NA
"815","Bolivia",1989,4,4,1,NA,4,7,6.5,NA
"819","Bolivia",1993,4,4,1,NA,4,7,7,NA
"823","Bolivia",1997,4,4,1,3.79999995231628,8,7,7,NA
"828","Bolivia",2002,1,5,1,1.69000005722046,13,7,7,NA
"831","Bolivia",2005,2,3,1,1.69000005722046,16,7,7,NA
"835","Bolivia",2009,4,4,1,1.69000005722046,20,7,7,NA
"846","Brazil",1982,3,17,1,NA,3,7,3,5
"850","Brazil",1986,1,1,1,NA,1,7,6.5,5
"854","Brazil",1990,1,1,1,19,1,7,7,5
"862","Brazil",1998,4,4,1,19,9,7,7,5
"866","Brazil",2002,8,8,1,19,13,7,7,5
"870","Brazil",2006,4,4,1,19,17,7,7,5
"874","Brazil",2010,8,8,1,19,21,7,7,0
"878","Barbados",1976,15,15,1,1,15,6.5,6.5,NA
"883","Barbados",1981,5,5,1,1,5,7,7,NA
"888","Barbados",1986,1,10,1,1,10,7,7,NA
"893","Barbados",1991,4,5,1,1,4,6,6,NA
"896","Barbados",1994,7,8,1,1,3,7,7,NA
"901","Barbados",1999,5,5,1,1,8,7,7,NA
"905","Barbados",2003,9,9,1,1,9,6,6,NA
"910","Barbados",2008,14,14,1,1.07000005245209,14,6,6,NA
"986","Bhutan",2008,2,NA,1,1,2,4,2,NA
"990","Bhutan",2012,6,NA,1,1,6,6,2,NA
"995","Botswana",1979,14,14,1,0.899999976158142,14,6,6,NA
"1000","Botswana",1984,4,19,1,0.899999976158142,4,6,6,NA
"1005","Botswana",1989,9,23,1,0.899999976158142,9,6,6,NA
"1010","Botswana",1994,14,28,1,0.899999976158142,14,6,6,NA
"1015","Botswana",1999,1,33,1,0.899999976158142,5,7,7,NA
"1020","Botswana",2004,6,38,1,0.899999976158142,10,7,7,NA
"1025","Botswana",2009,1,43,1,1,1,6,6,NA
"1041","Cent. Af. Rep.",1987,6,1,1,NA,6,1,2,NA
"1047","Cent. Af. Rep.",1993,2,NA,1,NA,2,5,2,NA
"1052","Cent. Af. Rep.",1998,5,5,1,3.90000009536743,5,7,7,NA
"1059","Cent. Af. Rep.",2005,2,NA,1,1,2,1,2,NA
"1065","Cent. Af. Rep.",2011,NA,NA,1,1,6,7,7,NA
"1071","Canada",1979,11,16,1,1,49,7,7,NA
"1072","Canada",1980,1,1,1,1,50,7,7,NA
"1076","Canada",1984,4,4,1,1,54,7,7,NA
"1080","Canada",1988,4,4,1,1,58,7,7,NA
"1085","Canada",1993,9,9,1,1,63,7,7,NA
"1089","Canada",1997,4,4,1,1,67,7,7,NA
"1092","Canada",2000,7,7,1,1,70,7,7,NA
"1096","Canada",2004,2,11,1,1,74,7,7,NA
"1098","Canada",2006,4,13,1,1,76,7,7,NA
"1100","Canada",2008,2,2,1,1,78,7,7,NA
"1103","Canada",2011,5,5,1,1,81,7,7,NA
"1105","Switzerland",1975,1,NA,1,9.10000038146973,45,7,7,0
"1109","Switzerland",1979,1,NA,1,9.10000038146973,49,7,7,0
"1113","Switzerland",1983,1,NA,1,9.10000038146973,53,7,7,0
"1117","Switzerland",1987,1,NA,1,9.10000038146973,57,7,7,0
"1121","Switzerland",1991,1,NA,1,9.10000038146973,61,7,7,0
"1125","Switzerland",1995,1,NA,1,9.10000038146973,65,7,7,0
"1129","Switzerland",1999,1,NA,1,9.10000038146973,69,7,7,0
"1133","Switzerland",2003,5,NA,1,9.10000038146973,73,7,7,0
"1137","Switzerland",2007,4,NA,1,9.10000038146973,77,7,7,0
"1141","Switzerland",2011,4,NA,1,7.69999980926514,81,7,7,0
"1157","Chile",1989,16,NA,1,NA,16,1,2,NA
"1161","Chile",1993,4,4,1,2,4,7,7,NA
"1165","Chile",1997,4,4,1,2,8,7,7,NA
"1169","Chile",2001,2,8,1,2,12,7,7,NA
"1173","Chile",2005,6,12,1,2,16,7,7,NA
"1177","Chile",2009,4,16,1,2,20,7,7,NA
"1219","Cote d'Ivoire",1975,17,17,1,NA,17,4,3,NA
"1224","Cote d'Ivoire",1980,22,22,1,NA,22,4,3,NA
"1229","Cote d'Ivoire",1985,25,25,1,NA,25,4,3,NA
"1234","Cote d'Ivoire",1990,30,30,1,NA,30,4,3,NA
"1239","Cote d'Ivoire",1995,2,35,1,1.39999997615814,2,6,6,NA
"1244","Cote d'Ivoire",2000,1,NA,1,1.39999997615814,1,6,6,NA
"1245","Cote d'Ivoire",2001,1,1,1,1.46000003814697,1,7,7,NA
"1255","Cote d'Ivoire",2011,1,1,1,1.46000003814697,11,7,7,NA
"1270","Cameroon",1988,6,22,1,NA,6,4,3,NA
"1274","Cameroon",1992,10,26,1,NA,10,5,3,NA
"1279","Cameroon",1997,15,31,1,NA,5,7,7,NA
"1284","Cameroon",2002,20,36,1,NA,20,7,6,NA
"1289","Cameroon",2007,25,41,1,3.09999990463257,25,6,6,5
"1294","Cameroon",2012,30,46,1,3.09999990463257,30,6,6,5
"1299","Congo",1979,2,10,1,NA,2,1,2,NA
"1304","Congo",1984,5,15,1,NA,5,3,2,NA
"1309","Congo",1989,10,20,1,NA,10,3,2,NA
"1312","Congo",1992,13,23,1,NA,13,5,2,NA
"1313","Congo",1993,1,1,1,NA,1,1,2,NA
"1322","Congo",2002,5,5,1,NA,5,2,1,NA
"1326","Congo",2006,9,9,1,1,9,7,6,NA
"1327","Congo",2007,10,10,1,1,10,7,6,NA
"1332","Congo",2012,13,15,1,1,13,7,6,NA
"1336","Colombia",1978,4,4,1,NA,5,7,7,0
"1340","Colombia",1982,4,8,1,NA,9,7,7,0
"1344","Colombia",1986,4,4,1,NA,13,7,7,0
"1348","Colombia",1990,4,4,1,NA,17,7,7,0
"1349","Colombia",1991,1,5,1,NA,18,7,7,0
"1352","Colombia",1994,4,8,1,5,21,7,7,0
"1357","Colombia",1999,1,1,1,5,26,7,7,0
"1360","Colombia",2002,4,4,1,5,29,7,7,0
"1364","Colombia",2006,4,NA,1,5,33,7,7,0
"1368","Colombia",2010,8,NA,1,5,37,7,7,0
"1374","Comoro Is.",1978,3,NA,1,NA,3,1,2,NA
"1383","Comoro Is.",1987,9,NA,1,NA,9,3.5,3,NA
"1389","Comoro Is.",1993,3,NA,1,NA,3,6,6,NA
"1392","Comoro Is.",1996,6,NA,1,NA,6,7,6,NA
"1400","Comoro Is.",2004,5,NA,1,1,2,7,7,NA
"1405","Comoro Is.",2009,3,3,1,1,7,7,7,NA
"1409","C. Verde Is.",1975,NA,NA,NA,NA,NA,NA,NA,NA
"1419","C. Verde Is.",1985,10,11,1,NA,10,3.5,3.5,NA
"1425","C. Verde Is.",1991,16,17,1,NA,16,4,3,NA
"1429","C. Verde Is.",1995,4,4,1,4.5,4,7,7,NA
"1435","C. Verde Is.",2001,10,10,1,4.5,10,7,3,NA
"1440","C. Verde Is.",2006,5,5,1,4.5,5,7,7,NA
"1450","Costa Rica",1978,4,8,1,8.10000038146973,30,7,7,NA
"1454","Costa Rica",1982,4,4,1,8.10000038146973,34,7,7,NA
"1458","Costa Rica",1986,4,4,1,8.10000038146973,38,7,7,NA
"1462","Costa Rica",1990,4,8,1,8.10000038146973,42,7,7,NA
"1466","Costa Rica",1994,4,4,1,8.10000038146973,46,7,7,NA
"1470","Costa Rica",1998,4,4,1,8.10000038146973,50,7,7,NA
"1474","Costa Rica",2002,4,4,1,8.10000038146973,54,7,7,NA
"1478","Costa Rica",2006,4,8,1,8.10000038146973,58,7,7,NA
"1482","Costa Rica",2010,4,4,1,8.10000038146973,62,7,7,NA
"1491","Czech Republic",1981,12,35,1,NA,12,4,3,NA
"1496","Czech Republic",1986,17,40,1,NA,17,4,3,NA
"1500","Czech Republic",1990,21,44,1,NA,21,4,3,NA
"1507","Cuba",1981,22,20,1,NA,22,3,3,NA
"1512","Cuba",1986,27,25,1,NA,27,3,3,NA
"1519","Cuba",1993,34,32,1,NA,34,4,3,NA
"1529","Cuba",2003,44,42,1,NA,44,4,3,NA
"1534","Cuba",2008,2,47,1,3.63000011444092,2,4,3,NA
"1545","Cyprus",1981,4,4,1,NA,4,7,6.5,2
"1549","Cyprus",1985,8,8,1,NA,8,7,6.5,2
"1555","Cyprus",1991,3,NA,1,1.39999997615814,3,7,7,2
"1560","Cyprus",1996,3,3,1,1.39999997615814,8,7,7,2
"1565","Cyprus",2001,8,8,1,13.3000001907349,13,7,7,2
"1570","Cyprus",2006,3,3,1,13.3000001907349,18,7,7,2
"1575","Cyprus",2011,3,3,1,13.3000001907349,23,7,7,1.79999995231628
"1578","Czech Republic",1992,2,2,1,NA,2,7,7,5
"1582","Czech Republic",1996,4,4,1,25,6,7,7,5
"1584","Czech Republic",1998,6,6,1,25,8,7,7,5
"1588","Czech Republic",2002,4,10,1,25,12,7,7,5
"1592","Czech Republic",2006,3,14,1,14.289999961853,16,7,7,5
"1596","Czech Republic",2010,1,NA,1,14.289999961853,20,7,7,5
"1598","Czech Republic",2012,3,NA,1,14.289999961853,22,7,7,5
"1600","GDR",1976,3,30,1,NA,3,3.5,3,NA
"1605","GDR",1981,5,35,1,NA,5,3.5,3,NA
"1610","GDR",1986,10,40,1,NA,10,3.5,3,NA
"1616","GDR",1992,NA,NA,NA,NA,NA,NA,NA,NA
"1617","GDR",1993,NA,NA,NA,NA,NA,NA,NA,NA
"1618","GDR",1994,NA,NA,NA,NA,NA,NA,NA,NA
"1619","GDR",1995,NA,NA,NA,NA,NA,NA,NA,NA
"1620","GDR",1996,NA,NA,NA,NA,NA,NA,NA,NA
"1621","GDR",1997,NA,NA,NA,NA,NA,NA,NA,NA
"1622","GDR",1998,NA,NA,NA,NA,NA,NA,NA,NA
"1623","GDR",1999,NA,NA,NA,NA,NA,NA,NA,NA
"1624","GDR",2000,NA,NA,NA,NA,NA,NA,NA,NA
"1625","GDR",2001,NA,NA,NA,NA,NA,NA,NA,NA
"1626","GDR",2002,NA,NA,NA,NA,NA,NA,NA,NA
"1627","GDR",2003,NA,NA,NA,NA,NA,NA,NA,NA
"1628","GDR",2004,NA,NA,NA,NA,NA,NA,NA,NA
"1629","GDR",2005,NA,NA,NA,NA,NA,NA,NA,NA
"1630","GDR",2006,NA,NA,NA,NA,NA,NA,NA,NA
"1631","GDR",2007,NA,NA,NA,NA,NA,NA,NA,NA
"1632","GDR",2008,NA,NA,NA,NA,NA,NA,NA,NA
"1633","GDR",2009,NA,NA,NA,NA,NA,NA,NA,NA
"1634","GDR",2010,NA,NA,NA,NA,NA,NA,NA,NA
"1635","GDR",2011,NA,NA,NA,NA,NA,NA,NA,NA
"1636","GDR",2012,NA,NA,NA,NA,NA,NA,NA,NA
"1638","FRG/Germany",1976,2,7,1,11.1999998092651,28,7,7,5
"1642","FRG/Germany",1980,6,11,1,11.1999998092651,32,7,7,5
"1645","FRG/Germany",1983,1,1,1,11.1999998092651,35,7,7,5
"1649","FRG/Germany",1987,5,5,1,11.1999998092651,39,7,7,5
"1652","FRG/Germany",1990,8,8,1,11.1999998092651,42,7,7,5
"1656","FRG/Germany",1994,12,12,1,11.1999998092651,46,7,7,5
"1660","FRG/Germany",1998,16,16,1,11.1999998092651,50,7,7,5
"1664","FRG/Germany",2002,4,4,1,1.89999997615814,54,7,7,5
"1667","FRG/Germany",2005,7,7,1,1.89999997615814,57,7,7,5
"1671","FRG/Germany",2009,4,4,1,1.89999997615814,61,7,7,5
"1675","Djibouti",1975,NA,NA,NA,NA,NA,NA,NA,NA
"1676","Djibouti",1976,NA,NA,NA,NA,NA,NA,NA,NA
"1677","Djibouti",1977,NA,NA,NA,NA,NA,NA,NA,NA
"1697","Djibouti",1997,20,18,1,10.8299999237061,20,6,7,NA
"1703","Djibouti",2003,4,24,1,10.8299999237061,4,6,7,NA
"1708","Djibouti",2008,9,29,1,10.8299999237061,9,5,3,NA
"1713","Denmark",1975,2,2,1,10.5,45,7,7,0
"1715","Denmark",1977,2,2,1,10.5,47,7,7,0
"1717","Denmark",1979,4,4,1,10.5,49,7,7,0
"1719","Denmark",1981,6,6,1,10.5,51,7,7,0
"1722","Denmark",1984,2,2,1,10.5,54,7,7,0
"1725","Denmark",1987,5,5,1,10.5,57,7,7,0
"1726","Denmark",1988,6,6,1,10.5,58,7,7,0
"1728","Denmark",1990,8,8,1,10.5,60,7,7,0
"1732","Denmark",1994,1,1,1,10.5,64,7,7,0
"1736","Denmark",1998,1,1,1,10.5,68,7,7,0
"1739","Denmark",2001,4,4,1,10.5,71,7,7,0
"1743","Denmark",2005,4,4,1,10.5,75,7,7,0
"1745","Denmark",2007,6,6,1,10.5,77,7,7,0
"1749","Denmark",2011,2,10,1,10.5,81,7,7,0
"1754","Dom. Rep.",1978,12,12,1,5.19999980926514,12,6,6,0
"1758","Dom. Rep.",1982,4,4,1,5.19999980926514,4,7,6,0
"1762","Dom. Rep.",1986,4,8,1,5.19999980926514,4,7,6,0
"1766","Dom. Rep.",1990,4,4,1,5.19999980926514,4,7,6.5,0
"1770","Dom. Rep.",1994,8,8,1,5.19999980926514,8,7,6.5,0
"1774","Dom. Rep.",1998,2,2,1,5.19999980926514,2,7,7,0
"1778","Dom. Rep.",2002,2,2,1,5,6,7,7,0
"1782","Dom. Rep.",2006,2,2,1,5,10,7,7,0
"1786","Dom. Rep.",2010,6,6,1,6.09999990463257,14,7,7,0
"1791","Algeria",1977,12,15,1,NA,12,4,3,NA
"1796","Algeria",1982,4,20,1,NA,4,4,3,NA
"1801","Algeria",1987,9,25,1,NA,9,4,3,NA
"1806","Algeria",1992,14,30,1,NA,14,5,3,7
"1807","Algeria",1993,1,NA,1,NA,1,2,2,7
"1811","Algeria",1997,3,NA,1,8.96000003814697,1,7,7,7
"1816","Algeria",2002,3,3,1,8.96000003814697,6,7,7,5
"1821","Algeria",2007,8,8,1,8.96000003814697,11,7,7,5
"1826","Algeria",2012,13,13,1,8.96000003814697,16,7,7,5
"1831","Ecuador",1979,3,NA,1,NA,3,1,2,NA
"1836","Ecuador",1984,3,3,1,4.40000009536743,5,7,7,0
"1838","Ecuador",1986,2,2,1,4.40000009536743,7,7,7,NA
"1840","Ecuador",1988,4,4,1,4.40000009536743,9,7,7,NA
"1842","Ecuador",1990,2,2,1,4.40000009536743,11,7,7,NA
"1844","Ecuador",1992,4,4,1,4.5,13,7,7,NA
"1846","Ecuador",1994,2,2,1,5.59999990463257,15,7,7,NA
"1848","Ecuador",1996,4,4,1,5.59999990463257,17,7,7,NA
"1850","Ecuador",1998,1,1,1,7.40000009536743,19,7,7,NA
"1854","Ecuador",2002,5,5,1,7.40000009536743,23,7,7,NA
"1858","Ecuador",2006,1,1,1,7.40000009536743,27,7,7,NA
"1861","Ecuador",2009,3,3,1,2.74000000953674,30,7,7,NA
"1866","Egypt",1976,6,NA,1,2,6,4,4,NA
"1869","Egypt",1979,9,1,1,2,3,7,7,NA
"1874","Egypt",1984,3,6,1,2,3,6,6,NA
"1877","Egypt",1987,6,9,1,2,6,6,6,NA
"1880","Egypt",1990,9,12,1,2,9,6,6,NA
"1885","Egypt",1995,14,17,1,2,14,6,6,NA
"1890","Egypt",2000,19,22,1,2,19,6,6,NA
"1895","Egypt",2005,24,27,1,2,24,6,6,NA
"1900","Egypt",2010,29,32,1,2,29,6,6,NA
"1901","Egypt",2011,30,33,1,2,30,6,6,NA
"1902","Egypt",2012,1,1,1,2,1,6,6,NA
"1903","Eritrea",1975,NA,NA,NA,NA,NA,NA,NA,NA
"1904","Eritrea",1976,NA,NA,NA,NA,NA,NA,NA,NA
"1905","Eritrea",1977,NA,NA,NA,NA,NA,NA,NA,NA
"1906","Eritrea",1978,NA,NA,NA,NA,NA,NA,NA,NA
"1907","Eritrea",1979,NA,NA,NA,NA,NA,NA,NA,NA
"1908","Eritrea",1980,NA,NA,NA,NA,NA,NA,NA,NA
"1909","Eritrea",1981,NA,NA,NA,NA,NA,NA,NA,NA
"1910","Eritrea",1982,NA,NA,NA,NA,NA,NA,NA,NA
"1911","Eritrea",1983,NA,NA,NA,NA,NA,NA,NA,NA
"1912","Eritrea",1984,NA,NA,NA,NA,NA,NA,NA,NA
"1913","Eritrea",1985,NA,NA,NA,NA,NA,NA,NA,NA
"1914","Eritrea",1986,NA,NA,NA,NA,NA,NA,NA,NA
"1915","Eritrea",1987,NA,NA,NA,NA,NA,NA,NA,NA
"1916","Eritrea",1988,NA,NA,NA,NA,NA,NA,NA,NA
"1917","Eritrea",1989,NA,NA,NA,NA,NA,NA,NA,NA
"1918","Eritrea",1990,NA,NA,NA,NA,NA,NA,NA,NA
"1919","Eritrea",1991,NA,NA,NA,NA,NA,NA,NA,NA
"1920","Eritrea",1992,NA,NA,NA,NA,NA,NA,NA,NA
"1921","Eritrea",1993,NA,NA,NA,NA,NA,NA,NA,NA
"1922","Eritrea",1994,1,1,1,NA,1,2,2,NA
"1943","Spain",1977,1,NA,1,NA,1,2,2,NA
"1945","Spain",1979,3,2,1,6.90000009536743,2,7,7,3
"1948","Spain",1982,6,5,1,6.90000009536743,5,7,7,3
"1952","Spain",1986,4,4,1,6.90000009536743,9,7,7,3
"1955","Spain",1989,7,7,1,6.90000009536743,12,7,7,3
"1959","Spain",1993,11,11,1,6.90000009536743,16,7,7,3
"1962","Spain",1996,14,14,1,6.90000009536743,19,7,7,3
"1966","Spain",2000,4,4,1,6.90000009536743,23,7,7,3
"1970","Spain",2004,8,8,1,6.90000009536743,27,7,7,3
"1974","Spain",2008,4,4,1,6.69999980926514,31,7,7,3
"1977","Spain",2011,7,7,1,6.69999980926514,34,7,7,3
"1979","Estonia",1975,NA,NA,NA,NA,NA,NA,NA,NA
"1980","Estonia",1976,NA,NA,NA,NA,NA,NA,NA,NA
"1981","Estonia",1977,NA,NA,NA,NA,NA,NA,NA,NA
"1982","Estonia",1978,NA,NA,NA,NA,NA,NA,NA,NA
"1983","Estonia",1979,NA,NA,NA,NA,NA,NA,NA,NA
"1984","Estonia",1980,NA,NA,NA,NA,NA,NA,NA,NA
"1985","Estonia",1981,NA,NA,NA,NA,NA,NA,NA,NA
"1986","Estonia",1982,NA,NA,NA,NA,NA,NA,NA,NA
"1987","Estonia",1983,NA,NA,NA,NA,NA,NA,NA,NA
"1988","Estonia",1984,NA,NA,NA,NA,NA,NA,NA,NA
"1989","Estonia",1985,NA,NA,NA,NA,NA,NA,NA,NA
"1990","Estonia",1986,NA,NA,NA,NA,NA,NA,NA,NA
"1991","Estonia",1987,NA,NA,NA,NA,NA,NA,NA,NA
"1992","Estonia",1988,NA,NA,NA,NA,NA,NA,NA,NA
"1993","Estonia",1989,NA,NA,NA,NA,NA,NA,NA,NA
"1994","Estonia",1990,NA,NA,NA,NA,NA,NA,NA,NA
"1995","Estonia",1991,NA,NA,NA,NA,NA,NA,NA,NA
"1996","Estonia",1992,1,NA,NA,NA,NA,NA,NA,NA
"2000","Estonia",1996,4,4,1,9.19999980926514,4,7,7,5
"2001","Estonia",1997,5,5,1,9.19999980926514,5,7,7,5
"2003","Estonia",1999,7,7,1,9.19999980926514,7,7,7,5
"2007","Estonia",2003,2,2,1,9.19999980926514,11,7,7,5
"2011","Estonia",2007,1,1,1,9.19999980926514,15,7,7,5
"2015","Estonia",2011,5,5,1,9.19999980926514,19,7,7,5
"2037","Ethiopia",1995,4,4,1,NA,4,2,2,NA
"2042","Ethiopia",2000,5,5,1,1,5,6,6,NA
"2047","Ethiopia",2005,10,10,1,1,10,7,6,NA
"2052","Ethiopia",2010,15,15,1,1,15,7,6,NA
"2059","Finland",1979,2,2,1,14.1999998092651,49,7,7,0
"2063","Finland",1983,3,6,1,14.1999998092651,53,7,7,0
"2067","Finland",1987,7,10,1,14.1999998092651,57,7,7,0
"2071","Finland",1991,4,1,1,14.1999998092651,61,7,7,0
"2075","Finland",1995,4,5,1,14.1999998092651,65,7,7,0
"2079","Finland",1999,4,9,1,13.3299999237061,69,7,7,0
"2083","Finland",2003,4,13,1,13.3299999237061,73,7,7,0
"2087","Finland",2007,4,17,1,13.3299999237061,77,7,7,0
"2091","Finland",2011,8,21,1,13.3299999237061,81,7,7,0
"2095","Fiji",1977,10,5,1,1,2,7,7,NA
"2100","Fiji",1982,15,10,1,1,7,7,7,NA
"2105","Fiji",1987,20,15,1,1,12,7,7,NA
"2110","Fiji",1992,5,NA,1,1,5,1,2,NA
"2112","Fiji",1994,2,2,1,1,2,7,7,NA
"2117","Fiji",1999,7,7,1,1,7,7,7,NA
"2119","Fiji",2001,1,1,1,1,1,1,2,NA
"2124","Fiji",2006,6,6,1,1,5,7,7,NA
"2134","France",1978,2,NA,1,1,48,7,7,NA
"2137","France",1981,5,4,1,1,51,7,7,NA
"2142","France",1986,2,5,1,1,56,7,7,5
"2144","France",1988,2,2,1,1,58,7,7,5
"2149","France",1993,2,5,1,1,63,7,7,5
"2153","France",1997,2,4,1,1,67,7,7,5
"2158","France",2002,5,5,1,1,72,7,7,12.5
"2163","France",2007,5,5,1,1,77,7,7,12.5
"2168","France",2012,5,10,1,1,82,7,7,12.5
"2174","Gabon",1980,13,12,1,0.930000007152557,13,3.5,3,NA
"2179","Gabon",1985,18,17,1,0.930000007152557,18,3.5,3,NA
"2184","Gabon",1990,23,22,1,0.930000007152557,23,4,3,NA
"2190","Gabon",1996,29,28,1,13.3000001907349,3,7,7,NA
"2191","Gabon",1997,30,29,1,13.3000001907349,4,7,7,NA
"2195","Gabon",2001,34,33,1,13.3000001907349,8,7,7,NA
"2200","Gabon",2006,39,38,1,13.3000001907349,39,7,6,NA
"2205","Gabon",2011,2,43,1,13.3000001907349,2,7,7,NA
"2211","United Kingdom",1979,3,5,1,1,49,7,7,NA
"2215","United Kingdom",1983,4,4,1,1,53,7,7,NA
"2219","United Kingdom",1987,8,8,1,1,57,7,7,NA
"2224","United Kingdom",1992,2,13,1,1,62,7,7,NA
"2229","United Kingdom",1997,7,18,1,1,67,7,7,NA
"2233","United Kingdom",2001,4,4,1,1,71,7,7,NA
"2237","United Kingdom",2005,8,8,1,1,75,7,7,NA
"2242","United Kingdom",2010,3,13,1,1,80,7,7,NA
"2245","Georgia",1975,NA,NA,NA,NA,NA,NA,NA,NA
"2246","Georgia",1976,NA,NA,NA,NA,NA,NA,NA,NA
"2247","Georgia",1977,NA,NA,NA,NA,NA,NA,NA,NA
"2248","Georgia",1978,NA,NA,NA,NA,NA,NA,NA,NA
"2249","Georgia",1979,NA,NA,NA,NA,NA,NA,NA,NA
"2250","Georgia",1980,NA,NA,NA,NA,NA,NA,NA,NA
"2251","Georgia",1981,NA,NA,NA,NA,NA,NA,NA,NA
"2252","Georgia",1982,NA,NA,NA,NA,NA,NA,NA,NA
"2253","Georgia",1983,NA,NA,NA,NA,NA,NA,NA,NA
"2254","Georgia",1984,NA,NA,NA,NA,NA,NA,NA,NA
"2255","Georgia",1985,NA,NA,NA,NA,NA,NA,NA,NA
"2256","Georgia",1986,NA,NA,NA,NA,NA,NA,NA,NA
"2257","Georgia",1987,NA,NA,NA,NA,NA,NA,NA,NA
"2258","Georgia",1988,NA,NA,NA,NA,NA,NA,NA,NA
"2259","Georgia",1989,NA,NA,NA,NA,NA,NA,NA,NA
"2260","Georgia",1990,NA,NA,NA,NA,NA,NA,NA,NA
"2261","Georgia",1991,1,NA,NA,NA,NA,NA,NA,NA
"2262","Georgia",1992,NA,NA,NA,NA,NA,NA,NA,NA
"2265","Georgia",1995,3,3,1,1,3,6.5,5,NA
"2269","Georgia",1999,7,7,1,1,7,7,6,5
"2273","Georgia",2003,11,11,1,1,11,7,6,7
"2274","Georgia",2004,12,12,1,1,12,7,6,7
"2278","Georgia",2008,4,4,1,2.47000002861023,4,7,6,5
"2282","Georgia",2012,8,8,1,2.47000002861023,8,6,7,5
"2287","Ghana",1979,1,NA,1,NA,1,1,2,NA
"2300","Ghana",1992,11,NA,1,NA,11,1,2,NA
"2304","Ghana",1996,15,4,1,1,1,7,7,NA
"2308","Ghana",2000,19,8,1,1,5,7,7,NA
"2312","Ghana",2004,4,4,1,1,9,7,7,NA
"2316","Ghana",2008,8,8,1,1,13,7,7,NA
"2320","Ghana",2012,4,4,1,1,17,7,7,NA
"2326","Guinea",1980,22,22,1,NA,22,3.5,3,NA
"2341","Guinea",1995,11,2,1,NA,11,1,7,NA
"2348","Guinea",2002,18,9,1,51,18,6,7,NA
"2358","Guinea",2012,3,NA,1,NA,3,1,2,NA
"2361","Gambia",1977,14,14,1,1.20000004768372,14,6,6.5,NA
"2366","Gambia",1982,19,19,1,1.20000004768372,19,6,6.5,NA
"2371","Gambia",1987,24,24,1,1.20000004768372,3,7,7,NA
"2376","Gambia",1992,29,29,1,1.20000004768372,29,6,7,NA
"2381","Gambia",1997,3,NA,1,1.20000004768372,1,7,7,NA
"2386","Gambia",2002,8,1,1,1.20000004768372,8,6,7,NA
"2391","Gambia",2007,13,6,1,1,13,6,7,NA
"2396","Gambia",2012,18,11,1,1,18,6,7,NA
"2416","Guinea-Bissau",1994,14,20,1,NA,14,2,3,NA
"2421","Guinea-Bissau",1999,1,25,1,NA,1,1,1,NA
"2426","Guinea-Bissau",2004,1,NA,1,NA,1,2,2,NA
"2430","Guinea-Bissau",2008,3,3,1,3.79999995231628,3,7,7,0
"2444","Eq. Guinea",1984,5,NA,1,6.80000019073486,5,3,2,NA
"2448","Eq. Guinea",1988,9,NA,1,6.80000019073486,9,3,2,NA
"2453","Eq. Guinea",1993,14,5,1,13.3000001907349,14,5,3,NA
"2459","Eq. Guinea",1999,20,11,1,13.3000001907349,20,6,3,0
"2464","Eq. Guinea",2004,25,16,1,13.3000001907349,25,6,3,0
"2468","Eq. Guinea",2008,29,20,1,13.3000001907349,29,6,3,0
"2475","Greece",1977,2,3,1,5.40000009536743,3,7,7,3
"2479","Greece",1981,1,7,1,5.40000009536743,7,7,7,3
"2483","Greece",1985,5,4,1,5.40000009536743,11,7,7,3
"2487","Greece",1989,3,8,1,5.40000009536743,15,7,7,3
"2491","Greece",1993,3,3,1,5.40000009536743,19,7,7,3
"2494","Greece",1996,3,3,1,5.40000009536743,22,7,7,3
"2498","Greece",2000,4,7,1,5.40000009536743,26,7,7,3
"2502","Greece",2004,8,11,1,5.40000009536743,30,7,7,3
"2505","Greece",2007,3,3,1,5.40000009536743,33,7,7,3
"2507","Greece",2009,5,5,1,5.40000009536743,35,7,7,3
"2510","Greece",2012,3,3,1,5.40000009536743,38,7,7,3
"2512","Grenada",1976,2,9,1,1,2,6,6,NA
"2520","Grenada",1984,1,NA,1,NA,1,1,2,NA
"2526","Grenada",1990,6,6,1,1,6,6,6,NA
"2531","Grenada",1995,5,5,1,1,5,7,7,NA
"2535","Grenada",1999,4,4,1,1,9,7,7,NA
"2539","Grenada",2003,8,8,1,1,8,6,7,NA
"2544","Grenada",2008,13,13,1,1,5,7,7,NA
"2556","Guatemala",1982,4,4,1,NA,7,7,7,NA
"2559","Guatemala",1985,1,NA,1,NA,1,1,2,NA
"2564","Guatemala",1990,5,5,1,6.09999990463257,5,7,7,4
"2568","Guatemala",1994,1,NA,1,6.09999990463257,9,7,7,4
"2569","Guatemala",1995,2,NA,1,4,10,7,7,4
"2573","Guatemala",1999,4,4,1,4,14,7,7,4
"2577","Guatemala",2003,4,4,1,6,18,7,7,4
"2581","Guatemala",2007,4,4,1,10.7220001220703,22,7,7,0
"2585","Guatemala",2011,4,4,1,10.7220001220703,26,7,7,0
"2592","Guyana",1980,14,14,1,NA,5,7,7,0
"2597","Guyana",1985,19,17,1,43.2000007629395,19,6,6,0
"2604","Guyana",1992,7,24,1,43.2000007629395,7,6,6,0
"2609","Guyana",1997,5,5,1,43.2000007629395,5,7,7,0
"2613","Guyana",2001,2,4,1,43.2000007629395,9,7,7,0
"2618","Guyana",2006,7,9,1,25.5799999237061,14,7,7,0
"2623","Guyana",2011,12,14,1,25.5799999237061,19,7,7,0
"2631","Honduras",1981,3,NA,1,NA,3,1,2,0
"2635","Honduras",1985,4,4,1,7.09999990463257,4,7,7,0
"2639","Honduras",1989,4,8,1,7.09999990463257,8,7,7,0
"2643","Honduras",1993,4,4,1,7.09999990463257,12,7,7,0
"2647","Honduras",1997,4,4,1,7.09999990463257,16,7,7,0
"2651","Honduras",2001,4,8,1,4.40000009536743,20,7,7,0
"2655","Honduras",2005,4,4,1,4.40000009536743,24,7,7,0
"2659","Honduras",2009,4,4,1,7.09999990463257,28,7,7,0
"2663","Croatia",1975,NA,NA,NA,NA,NA,NA,NA,NA
"2664","Croatia",1976,NA,NA,NA,NA,NA,NA,NA,NA
"2665","Croatia",1977,NA,NA,NA,NA,NA,NA,NA,NA
"2666","Croatia",1978,NA,NA,NA,NA,NA,NA,NA,NA
"2667","Croatia",1979,NA,NA,NA,NA,NA,NA,NA,NA
"2668","Croatia",1980,NA,NA,NA,NA,NA,NA,NA,NA
"2669","Croatia",1981,NA,NA,NA,NA,NA,NA,NA,NA
"2670","Croatia",1982,NA,NA,NA,NA,NA,NA,NA,NA
"2671","Croatia",1983,NA,NA,NA,NA,NA,NA,NA,NA
"2672","Croatia",1984,NA,NA,NA,NA,NA,NA,NA,NA
"2673","Croatia",1985,NA,NA,NA,NA,NA,NA,NA,NA
"2674","Croatia",1986,NA,NA,NA,NA,NA,NA,NA,NA
"2675","Croatia",1987,NA,NA,NA,NA,NA,NA,NA,NA
"2676","Croatia",1988,NA,NA,NA,NA,NA,NA,NA,NA
"2677","Croatia",1989,NA,NA,NA,NA,NA,NA,NA,NA
"2683","Croatia",1995,3,5,1,13.1000003814697,3,7,7,5
"2688","Croatia",2000,8,10,1,13.1000003814697,8,7,7,5
"2691","Croatia",2003,3,3,1,13.1000003814697,11,7,7,5
"2695","Croatia",2007,4,4,1,12.6999998092651,15,7,7,5
"2699","Croatia",2011,8,1,1,13.3900003433228,19,7,7,5
"2705","Haiti",1979,8,16,1,NA,8,3.5,2,NA
"2710","Haiti",1984,13,21,1,NA,13,5,2,NA
"2716","Haiti",1990,1,NA,1,NA,1,1,2,NA
"2721","Haiti",1995,1,NA,1,1,1,7,7,NA
"2732","Haiti",2006,2,NA,1,1,2,6,6,NA
"2737","Haiti",2011,5,5,1,1,5,7,7,NA
"2739","Hungary",1975,20,26,1,NA,20,4,3,NA
"2744","Hungary",1980,25,31,1,NA,25,4,3,NA
"2749","Hungary",1985,30,36,1,NA,30,4,3,NA
"2754","Hungary",1990,1,41,1,1.96000003814697,1,4,3,NA
"2758","Hungary",1994,4,4,1,1.96000003814697,4,7,7,5
"2762","Hungary",1998,4,4,1,1.96000003814697,8,7,7,5
"2766","Hungary",2002,4,4,1,1.96000003814697,12,7,7,5
"2770","Hungary",2006,2,4,1,13.8199996948242,16,7,7,5
"2774","Hungary",2010,6,8,1,13.8199996948242,20,7,7,5
"2779","Indonesia",1977,10,13,1,18.5,10,7,2,0
"2784","Indonesia",1982,15,18,1,18.5,15,7,2,0
"2789","Indonesia",1987,20,23,1,18.5,20,7,2,0
"2794","Indonesia",1992,25,28,1,18.5,25,6,2,0
"2799","Indonesia",1997,30,33,1,18.5,30,6,2,0
"2801","Indonesia",1999,1,35,1,18.5,1,6,2,0
"2806","Indonesia",2004,3,3,1,18.5,3,7,6,0
"2811","Indonesia",2009,5,5,1,16.9699993133545,5,7,7,2.5
"2817","India",1977,11,30,1,1,28,7,7,0
"2820","India",1980,3,3,1,1,31,7,7,0
"2824","India",1984,4,4,1,1,35,7,7,0
"2829","India",1989,5,9,1,1,5,6,6,0
"2831","India",1991,1,1,1,1,2,7,7,0
"2836","India",1996,5,5,1,1,7,7,7,0
"2839","India",1999,1,1,1,1,10,7,7,0
"2844","India",2004,6,6,1,1,15,7,7,0
"2849","India",2009,5,5,1,1,20,7,7,0
"2855","Ireland",1977,4,4,1,4,47,7,7,0
"2859","Ireland",1981,2,4,1,4,51,7,7,0
"2860","Ireland",1982,1,1,1,4,52,7,7,0
"2865","Ireland",1987,5,5,1,4,57,7,7,0
"2867","Ireland",1989,2,2,1,4,59,7,7,0
"2870","Ireland",1992,5,5,1,4,62,7,7,0
"2875","Ireland",1997,3,3,1,4,67,7,7,0
"2880","Ireland",2002,5,5,1,4,72,7,7,0
"2885","Ireland",2007,10,10,1,4,77,7,7,0
"2889","Ireland",2011,3,14,1,4,81,7,7,0
"2891","Iran",1975,34,NA,1,NA,34,6,2,NA
"2896","Iran",1980,1,NA,1,NA,1,1,2,NA
"2900","Iran",1984,5,NA,1,NA,5,5,2,0
"2904","Iran",1988,9,NA,1,NA,9,5,2,0
"2908","Iran",1992,3,13,1,1.5,3,5,6,0
"2912","Iran",1996,7,17,1,1.5,7,5,6,0
"2916","Iran",2000,3,21,1,1.5,3,5,6,0
"2920","Iran",2004,3,25,1,1.5,3,5,6,0
"2924","Iran",2008,3,NA,1,1.5,3,5,7,0
"2928","Iran",2012,7,NA,1,1.5,7,5,7,0
"2933","Iraq",1979,11,11,1,NA,11,1,2,NA
"2938","Iraq",1984,5,16,1,4.19999980926514,5,4,2,NA
"2943","Iraq",1989,10,21,1,4.19999980926514,10,4,2,NA
"2950","Iraq",1996,17,28,1,4.19999980926514,17,5,2,NA
"2959","Iraq",2005,NA,NA,1,NA,NA,1,1,NA
"2964","Iraq",2010,4,5,1,15.2700004577637,5,7,7,0
"2970","Iceland",1978,4,4,1,7.90000009536743,33,7,7,NA
"2971","Iceland",1979,1,1,1,7.90000009536743,34,7,7,NA
"2975","Iceland",1983,4,4,1,7.90000009536743,38,7,7,NA
"2979","Iceland",1987,4,8,1,7.90000009536743,42,7,7,NA
"2983","Iceland",1991,4,4,1,7.90000009536743,46,7,7,NA
"2987","Iceland",1995,4,4,1,7.90000009536743,50,7,7,NA
"2991","Iceland",1999,2,8,1,7.90000009536743,54,7,7,NA
"2995","Iceland",2003,6,12,1,7.90000009536743,58,7,7,NA
"2999","Iceland",2007,1,1,1,10.5,62,7,7,NA
"3001","Iceland",2009,3,3,1,10.5,64,7,7,NA
"3007","Israel",1977,3,9,1,120,29,7,7,1
"3011","Israel",1981,4,4,1,120,33,7,7,1
"3014","Israel",1984,1,7,1,120,36,7,7,1
"3018","Israel",1988,2,2,1,120,40,7,7,1
"3022","Israel",1992,6,6,1,120,44,7,7,1
"3026","Israel",1996,1,4,1,120,48,7,7,1.5
"3029","Israel",1999,3,3,1,120,51,7,7,1.5
"3033","Israel",2003,3,3,1,120,55,7,7,1.5
"3036","Israel",2006,6,1,1,120,58,7,7,1.5
"3039","Israel",2009,3,4,1,120,61,7,7,2
"3044","Italy",1976,2,30,1,2.20000004768372,2,6.5,6.5,4
"3047","Italy",1979,1,33,1,2.20000004768372,3,7,7,4
"3051","Italy",1983,1,1,1,2.20000004768372,7,7,7,4
"3055","Italy",1987,1,4,1,2.20000004768372,11,7,7,4
"3060","Italy",1992,3,5,1,2.20000004768372,16,7,7,4
"3062","Italy",1994,1,NA,1,2.20000004768372,18,7,7,4
"3064","Italy",1996,1,3,1,2.20000004768372,20,7,7,4
"3069","Italy",2001,3,5,1,2.20000004768372,25,7,7,4
"3074","Italy",2006,5,5,1,22.5,30,7,7,4
"3076","Italy",2008,7,2,1,22.5,32,7,7,4
"3082","Jamaica",1976,4,4,1,1,4,6,6,0
"3086","Jamaica",1980,8,8,1,1,8,6,6,0
"3089","Jamaica",1983,3,3,1,1,3,6,6,0
"3095","Jamaica",1989,9,9,1,1,9,6,6,0
"3099","Jamaica",1993,1,4,1,1,4,7,7,0
"3103","Jamaica",1997,5,8,1,1,5,6,6,0
"3108","Jamaica",2002,10,13,1,1,10,6,6,0
"3113","Jamaica",2007,15,18,1,1,5,7,7,0
"3117","Jamaica",2011,4,4,1,1,9,7,7,0
"3133","Jordan",1989,36,NA,1,NA,36,1,2,NA
"3137","Jordan",1993,40,NA,1,NA,40,5,2,NA
"3141","Jordan",1997,44,NA,1,4,44,7,2,NA
"3147","Jordan",2003,4,NA,1,4,4,6,2,NA
"3151","Jordan",2007,8,NA,1,2.30999994277954,8,6,2,NA
"3154","Jordan",2010,11,NA,1,NA,11,1,2,NA
"3158","Japan",1976,2,21,1,3.90000009536743,2,6.5,6.5,NA
"3161","Japan",1979,1,24,1,3.90000009536743,3,7,7,NA
"3162","Japan",1980,2,25,1,3.90000009536743,4,7,7,NA
"3165","Japan",1983,1,28,1,3.90000009536743,7,7,7,NA
"3168","Japan",1986,4,31,1,3.90000009536743,10,7,7,NA
"3172","Japan",1990,1,35,1,3.90000009536743,14,7,7,NA
"3175","Japan",1993,2,38,1,3.90000009536743,17,7,7,NA
"3178","Japan",1996,2,2,1,7.90000009536743,20,7,7,NA
"3182","Japan",2000,2,4,1,7.90000009536743,24,7,7,NA
"3185","Japan",2003,3,7,1,1.53999996185303,27,7,7,NA
"3187","Japan",2005,5,9,1,1.53999996185303,29,7,7,NA
"3191","Japan",2009,1,13,1,1.53999996185303,33,7,7,NA
"3192","Japan",2010,1,1,1,1.53999996185303,34,7,7,NA
"3195","Kazakhstan",1975,NA,NA,NA,NA,NA,NA,NA,NA
"3196","Kazakhstan",1976,NA,NA,NA,NA,NA,NA,NA,NA
"3197","Kazakhstan",1977,NA,NA,NA,NA,NA,NA,NA,NA
"3198","Kazakhstan",1978,NA,NA,NA,NA,NA,NA,NA,NA
"3199","Kazakhstan",1979,NA,NA,NA,NA,NA,NA,NA,NA
"3200","Kazakhstan",1980,NA,NA,NA,NA,NA,NA,NA,NA
"3201","Kazakhstan",1981,NA,NA,NA,NA,NA,NA,NA,NA
"3202","Kazakhstan",1982,NA,NA,NA,NA,NA,NA,NA,NA
"3203","Kazakhstan",1983,NA,NA,NA,NA,NA,NA,NA,NA
"3204","Kazakhstan",1984,NA,NA,NA,NA,NA,NA,NA,NA
"3205","Kazakhstan",1985,NA,NA,NA,NA,NA,NA,NA,NA
"3206","Kazakhstan",1986,NA,NA,NA,NA,NA,NA,NA,NA
"3207","Kazakhstan",1987,NA,NA,NA,NA,NA,NA,NA,NA
"3208","Kazakhstan",1988,NA,NA,NA,NA,NA,NA,NA,NA
"3209","Kazakhstan",1989,NA,NA,NA,NA,NA,NA,NA,NA
"3210","Kazakhstan",1990,NA,NA,NA,NA,NA,NA,NA,NA
"3211","Kazakhstan",1991,NA,NA,NA,NA,NA,NA,NA,NA
"3214","Kazakhstan",1994,3,1,1,0.899999976158142,3,5,3,NA
"3215","Kazakhstan",1995,4,2,1,NA,4,2,3,NA
"3219","Kazakhstan",1999,8,6,1,0.899999976158142,8,7,3,NA
"3224","Kazakhstan",2004,13,11,1,0.899999976158142,13,7,3,NA
"3227","Kazakhstan",2007,16,14,1,0.899999976158142,16,7,3,NA
"3232","Kazakhstan",2012,21,13,1,98,21,5,3,7
"3241","Kenya",1983,5,20,1,0.899999976158142,5,4,2,NA
"3245","Kenya",1987,9,24,1,0.899999976158142,9,4,2,NA
"3250","Kenya",1992,14,29,1,0.899999976158142,14,4,2,NA
"3255","Kenya",1997,19,34,1,0.899999976158142,5,7,7,NA
"3260","Kenya",2002,24,39,1,0.899999976158142,10,7,7,NA
"3265","Kenya",2007,5,5,1,1,15,7,7,NA
"3271","Kyrgyzstan",1975,NA,NA,NA,NA,NA,NA,NA,NA
"3272","Kyrgyzstan",1976,NA,NA,NA,NA,NA,NA,NA,NA
"3273","Kyrgyzstan",1977,NA,NA,NA,NA,NA,NA,NA,NA
"3274","Kyrgyzstan",1978,NA,NA,NA,NA,NA,NA,NA,NA
"3275","Kyrgyzstan",1979,NA,NA,NA,NA,NA,NA,NA,NA
"3276","Kyrgyzstan",1980,NA,NA,NA,NA,NA,NA,NA,NA
"3277","Kyrgyzstan",1981,NA,NA,NA,NA,NA,NA,NA,NA
"3278","Kyrgyzstan",1982,NA,NA,NA,NA,NA,NA,NA,NA
"3279","Kyrgyzstan",1983,NA,NA,NA,NA,NA,NA,NA,NA
"3280","Kyrgyzstan",1984,NA,NA,NA,NA,NA,NA,NA,NA
"3281","Kyrgyzstan",1985,NA,NA,NA,NA,NA,NA,NA,NA
"3282","Kyrgyzstan",1986,NA,NA,NA,NA,NA,NA,NA,NA
"3283","Kyrgyzstan",1987,NA,NA,NA,NA,NA,NA,NA,NA
"3284","Kyrgyzstan",1988,NA,NA,NA,NA,NA,NA,NA,NA
"3285","Kyrgyzstan",1989,NA,NA,NA,NA,NA,NA,NA,NA
"3286","Kyrgyzstan",1990,NA,NA,NA,NA,NA,NA,NA,NA
"3287","Kyrgyzstan",1991,NA,NA,NA,NA,NA,NA,NA,NA
"3291","Kyrgyzstan",1995,5,5,1,NA,5,3.5,5,NA
"3296","Kyrgyzstan",2000,10,10,1,0.800000011920929,10,6.5,7,NA
"3301","Kyrgyzstan",2005,15,15,1,0.800000011920929,5,7,7,5
"3303","Kyrgyzstan",2007,2,NA,1,1,2,7,6,5
"3310","Cambodia",1976,1,1,1,NA,1,1,2,NA
"3315","Cambodia",1981,3,2,1,NA,3,1,2,NA
"3327","Cambodia",1993,15,2,1,5.80000019073486,15,4,2,NA
"3332","Cambodia",1998,5,NA,1,5.80000019073486,5,6,6,NA
"3337","Cambodia",2003,10,3,1,5.80000019073486,10,6,6,NA
"3342","Cambodia",2008,15,8,1,5.84999990463257,15,6,6,0
"3353","ROK",1981,1,NA,1,NA,1,2,2,NA
"3357","ROK",1985,5,4,1,NA,5,7,6,5
"3360","ROK",1988,1,7,1,8.60000038146973,1,7,7,5
"3364","ROK",1992,5,2,1,8.60000038146973,5,7,7,5
"3368","ROK",1996,4,6,1,8.60000038146973,9,7,7,5
"3372","ROK",2000,3,2,1,8.60000038146973,13,7,7,5
"3376","ROK",2004,2,6,1,8.60000038146973,17,7,7,5
"3380","ROK",2008,1,1,1,1.20000004768372,21,7,7,3
"3384","ROK",2012,5,5,1,1.20000004768372,25,7,7,3
"3385","Kuwait",1975,10,NA,1,2,10,3.5,2,NA
"3391","Kuwait",1981,4,NA,1,NA,4,1,2,NA
"3402","Kuwait",1992,15,NA,1,NA,15,1,2,NA
"3406","Kuwait",1996,19,NA,1,2,19,4,2,NA
"3409","Kuwait",1999,22,NA,1,2,22,4,2,NA
"3413","Kuwait",2003,26,NA,1,2,26,4,2,NA
"3416","Kuwait",2006,29,NA,1,2,29,4,2,NA
"3418","Kuwait",2008,2,NA,1,10,2,4,2,NA
"3419","Kuwait",2009,3,NA,1,10,3,4,2,NA
"3422","Kuwait",2012,6,NA,1,10,6,4,2,NA
"3440","Laos",1992,1,17,1,NA,1,3.5,3,NA
"3445","Laos",1997,1,22,1,6.09999990463257,1,4,3,NA
"3450","Laos",2002,6,27,1,6.09999990463257,6,4,3,NA
"3454","Laos",2006,10,31,1,6.3899998664856,10,5.5,3,NA
"3459","Laos",2011,5,36,1,6.3899998664856,5,5.5,3,NA
"3482","Lebanon",1996,7,7,1,25.6000003814697,7,6,4,0
"3486","Lebanon",2000,2,NA,1,25.6000003814697,2,7,4,0
"3491","Lebanon",2005,7,NA,1,27.6000003814697,7,7,4,0
"3495","Lebanon",2009,1,1,1,4.90000009536743,1,7,4,NA
"3496","Lebanon",2010,2,2,1,4.90000009536743,2,7,4,NA
"3499","Liberia",1975,4,97,1,NA,4,4,3.5,0
"3509","Liberia",1985,5,1,1,NA,5,1,2,NA
"3521","Liberia",1997,1,NA,1,NA,1,1,2,NA
"3529","Liberia",2005,2,NA,1,NA,2,1,1,NA
"3535","Liberia",2011,6,6,1,1,6,7,7,NA
"3574","Libya",2012,43,NA,1,NA,43,2,2,NA
"3575","St. Lucia",1975,NA,NA,NA,NA,NA,NA,NA,NA
"3576","St. Lucia",1976,NA,NA,NA,NA,NA,NA,NA,NA
"3577","St. Lucia",1977,NA,NA,NA,NA,NA,NA,NA,NA
"3578","St. Lucia",1978,NA,NA,NA,NA,NA,NA,NA,NA
"3579","St. Lucia",1979,NA,NA,NA,NA,NA,NA,NA,NA
"3582","St. Lucia",1982,1,3,1,1,3,7,7,NA
"3587","St. Lucia",1987,5,5,1,1,1,7,7,NA
"3592","St. Lucia",1992,10,10,1,1,6,7,7,NA
"3597","St. Lucia",1997,15,15,1,1,11,7,7,NA
"3601","St. Lucia",2001,4,4,1,1,4,6,7,NA
"3606","St. Lucia",2006,9,9,1,1,9,6,7,NA
"3611","St. Lucia",2011,4,14,1,1,5,7,7,NA
"3615","Sri Lanka",1977,7,7,1,1,30,7,7,0
"3626","Sri Lanka",1988,11,11,1,NA,11,6,7,0
"3627","Sri Lanka",1989,1,12,1,11.5,1,6,7,0
"3632","Sri Lanka",1994,1,17,1,11.5,5,7,7,0
"3639","Sri Lanka",2001,8,7,1,11.5,12,7,7,0
"3642","Sri Lanka",2004,11,10,1,11.5,15,7,7,0
"3648","Sri Lanka",2010,5,5,1,9.80000019073486,21,7,7,12.5
"3669","Lesotho",1993,2,NA,1,NA,2,1,2,NA
"3674","Lesotho",1998,5,5,1,1,5,6,6,NA
"3678","Lesotho",2002,4,4,1,1,4,6,6,NA
"3683","Lesotho",2007,9,9,1,14,9,7,6,0
"3688","Lesotho",2012,14,14,1,14,5,7,7,0
"3689","Lithuania",1975,NA,NA,NA,NA,NA,NA,NA,NA
"3690","Lithuania",1976,NA,NA,NA,NA,NA,NA,NA,NA
"3691","Lithuania",1977,NA,NA,NA,NA,NA,NA,NA,NA
"3692","Lithuania",1978,NA,NA,NA,NA,NA,NA,NA,NA
"3693","Lithuania",1979,NA,NA,NA,NA,NA,NA,NA,NA
"3694","Lithuania",1980,NA,NA,NA,NA,NA,NA,NA,NA
"3695","Lithuania",1981,NA,NA,NA,NA,NA,NA,NA,NA
"3696","Lithuania",1982,NA,NA,NA,NA,NA,NA,NA,NA
"3697","Lithuania",1983,NA,NA,NA,NA,NA,NA,NA,NA
"3698","Lithuania",1984,NA,NA,NA,NA,NA,NA,NA,NA
"3699","Lithuania",1985,NA,NA,NA,NA,NA,NA,NA,NA
"3700","Lithuania",1986,NA,NA,NA,NA,NA,NA,NA,NA
"3701","Lithuania",1987,NA,NA,NA,NA,NA,NA,NA,NA
"3702","Lithuania",1988,NA,NA,NA,NA,NA,NA,NA,NA
"3703","Lithuania",1989,NA,NA,NA,NA,NA,NA,NA,NA
"3704","Lithuania",1990,NA,NA,NA,NA,NA,NA,NA,NA
"3705","Lithuania",1991,NA,NA,NA,NA,NA,NA,NA,NA
"3706","Lithuania",1992,1,1,1,NA,NA,NA,NA,4
"3710","Lithuania",1996,4,4,1,35.2999992370605,4,7,6.5,4
"3714","Lithuania",2000,3,NA,1,1.96000003814697,4,7,7,25
"3718","Lithuania",2004,1,1,1,1.96000003814697,8,7,7,25
"3722","Lithuania",2008,4,NA,1,35.2999992370605,12,7,7,25
"3726","Lithuania",2012,3,NA,1,35.2999992370605,16,7,7,25
"3731","Luxembourg",1979,5,11,1,16,49,7,7,0
"3736","Luxembourg",1984,5,5,1,16,54,7,7,0
"3741","Luxembourg",1989,5,10,1,16,59,7,7,0
"3746","Luxembourg",1994,10,15,1,15,64,7,7,0
"3751","Luxembourg",1999,4,20,1,15,69,7,7,0
"3756","Luxembourg",2004,9,25,1,15,74,7,7,0
"3761","Luxembourg",2009,14,30,1,15,79,7,7,0
"3765","Latvia",1975,NA,NA,NA,NA,NA,NA,NA,NA
"3766","Latvia",1976,NA,NA,NA,NA,NA,NA,NA,NA
"3767","Latvia",1977,NA,NA,NA,NA,NA,NA,NA,NA
"3768","Latvia",1978,NA,NA,NA,NA,NA,NA,NA,NA
"3769","Latvia",1979,NA,NA,NA,NA,NA,NA,NA,NA
"3770","Latvia",1980,NA,NA,NA,NA,NA,NA,NA,NA
"3771","Latvia",1981,NA,NA,NA,NA,NA,NA,NA,NA
"3772","Latvia",1982,NA,NA,NA,NA,NA,NA,NA,NA
"3773","Latvia",1983,NA,NA,NA,NA,NA,NA,NA,NA
"3774","Latvia",1984,NA,NA,NA,NA,NA,NA,NA,NA
"3775","Latvia",1985,NA,NA,NA,NA,NA,NA,NA,NA
"3776","Latvia",1986,NA,NA,NA,NA,NA,NA,NA,NA
"3777","Latvia",1987,NA,NA,NA,NA,NA,NA,NA,NA
"3778","Latvia",1988,NA,NA,NA,NA,NA,NA,NA,NA
"3779","Latvia",1989,NA,NA,NA,NA,NA,NA,NA,NA
"3780","Latvia",1990,NA,NA,NA,NA,NA,NA,NA,NA
"3781","Latvia",1991,NA,NA,NA,NA,NA,NA,NA,NA
"3783","Latvia",1993,2,2,1,NA,2,7,3,0
"3785","Latvia",1995,1,2,1,20,2,7,7,5
"3788","Latvia",1998,1,1,1,20,5,7,7,5
"3792","Latvia",2002,5,5,1,20,9,7,7,5
"3796","Latvia",2006,2,2,1,20,13,7,7,5
"3800","Latvia",2010,1,1,1,20,17,7,7,5
"3801","Latvia",2011,NA,4,1,20,18,7,7,5
"3805","Morocco",1977,16,NA,1,NA,16,1,2,NA
"3812","Morocco",1984,23,NA,1,NA,23,7,2,NA
"3821","Morocco",1993,32,NA,1,NA,32,7,2,NA
"3825","Morocco",1997,36,NA,1,NA,36,7,2,5
"3830","Morocco",2002,3,NA,1,3.49000000953674,3,7,2,5
"3835","Morocco",2007,8,NA,1,6.51000022888184,8,7,2,0
"3839","Morocco",2011,12,NA,1,6.51000022888184,12,7,2,0
"3841","Moldova",1975,NA,NA,NA,NA,NA,NA,NA,NA
"3842","Moldova",1976,NA,NA,NA,NA,NA,NA,NA,NA
"3843","Moldova",1977,NA,NA,NA,NA,NA,NA,NA,NA
"3844","Moldova",1978,NA,NA,NA,NA,NA,NA,NA,NA
"3845","Moldova",1979,NA,NA,NA,NA,NA,NA,NA,NA
"3846","Moldova",1980,NA,NA,NA,NA,NA,NA,NA,NA
"3847","Moldova",1981,NA,NA,NA,NA,NA,NA,NA,NA
"3848","Moldova",1982,NA,NA,NA,NA,NA,NA,NA,NA
"3849","Moldova",1983,NA,NA,NA,NA,NA,NA,NA,NA
"3850","Moldova",1984,NA,NA,NA,NA,NA,NA,NA,NA
"3851","Moldova",1985,NA,NA,NA,NA,NA,NA,NA,NA
"3852","Moldova",1986,NA,NA,NA,NA,NA,NA,NA,NA
"3853","Moldova",1987,NA,NA,NA,NA,NA,NA,NA,NA
"3854","Moldova",1988,NA,NA,NA,NA,NA,NA,NA,NA
"3855","Moldova",1989,NA,NA,NA,NA,NA,NA,NA,NA
"3856","Moldova",1990,NA,NA,NA,NA,NA,NA,NA,NA
"3857","Moldova",1991,NA,NA,NA,NA,NA,NA,NA,NA
"3860","Moldova",1994,3,3,1,101,3,6,6,NA
"3864","Moldova",1998,2,2,1,101,2,6,6,4
"3867","Moldova",2001,5,5,1,101,5,6,7,4
"3871","Moldova",2005,4,4,1,101,4,7,7,4
"3875","Moldova",2009,8,8,1,101,8,7,7,3
"3876","Moldova",2010,1,1,1,101,9,7,7,3
"3881","Madagascar",1977,2,2,1,NA,2,1,2,NA
"3887","Madagascar",1983,8,8,1,NA,8,3,6,NA
"3893","Madagascar",1989,14,14,1,NA,14,6,7,0
"3897","Madagascar",1993,18,18,1,NA,18,6,7,0
"3902","Madagascar",1998,2,2,1,1.28999996185303,5,7,7,0
"3906","Madagascar",2002,1,1,1,1.28999996185303,9,7,7,0
"3911","Madagascar",2007,6,6,1,1.28999996185303,14,7,7,0
"3916","Madagascar",2012,NA,3,1,1.28999996185303,NA,7,3,0
"3926","Maldives",1984,6,NA,1,2,6,4,3,NA
"3931","Maldives",1989,11,NA,1,2,11,4,3,NA
"3937","Maldives",1995,17,NA,1,2,17,4,3,NA
"3941","Maldives",1999,21,NA,1,2,21,4,3,NA
"3947","Maldives",2005,27,NA,1,2,27,4,3,NA
"3951","Maldives",2009,1,1,1,2,1,4,7,NA
"3956","Mexico",1976,6,47,1,NA,6,6.5,6,0
"3959","Mexico",1979,3,50,1,5.59999990463257,3,7,6,0
"3962","Mexico",1982,6,53,1,5.59999990463257,6,7,6,0
"3965","Mexico",1985,3,56,1,5.59999990463257,3,7,7,2
"3968","Mexico",1988,6,59,1,16.6000003814697,6,7,7,2
"3971","Mexico",1991,9,62,1,16.6000003814697,9,7,7,2
"3974","Mexico",1994,12,65,1,16.6000003814697,12,7,7,2
"3977","Mexico",1997,3,68,1,16.6000003814697,3,6,7,2
"3980","Mexico",2000,6,71,1,16.6000003814697,6,6,7,2
"3983","Mexico",2003,3,3,1,16.6000003814697,3,7,7,2
"3986","Mexico",2006,6,6,1,16.6000003814697,6,7,7,2
"3989","Mexico",2009,3,9,1,80.5999984741211,9,7,7,0
"3992","Mexico",2012,2,12,1,80.5999984741211,12,7,7,0
"3993","Macedonia",1975,NA,NA,NA,NA,NA,NA,NA,NA
"3994","Macedonia",1976,NA,NA,NA,NA,NA,NA,NA,NA
"3995","Macedonia",1977,NA,NA,NA,NA,NA,NA,NA,NA
"3996","Macedonia",1978,NA,NA,NA,NA,NA,NA,NA,NA
"3997","Macedonia",1979,NA,NA,NA,NA,NA,NA,NA,NA
"3998","Macedonia",1980,NA,NA,NA,NA,NA,NA,NA,NA
"3999","Macedonia",1981,NA,NA,NA,NA,NA,NA,NA,NA
"4000","Macedonia",1982,NA,NA,NA,NA,NA,NA,NA,NA
"4001","Macedonia",1983,NA,NA,NA,NA,NA,NA,NA,NA
"4002","Macedonia",1984,NA,NA,NA,NA,NA,NA,NA,NA
"4003","Macedonia",1985,NA,NA,NA,NA,NA,NA,NA,NA
"4004","Macedonia",1986,NA,NA,NA,NA,NA,NA,NA,NA
"4005","Macedonia",1987,NA,NA,NA,NA,NA,NA,NA,NA
"4006","Macedonia",1988,NA,NA,NA,NA,NA,NA,NA,NA
"4007","Macedonia",1989,NA,NA,NA,NA,NA,NA,NA,NA
"4008","Macedonia",1990,NA,NA,NA,NA,NA,NA,NA,NA
"4009","Macedonia",1991,NA,NA,NA,10.8999996185303,NA,NA,NA,NA
"4012","Macedonia",1994,3,NA,1,10.8999996185303,3,7,6.5,NA
"4016","Macedonia",1998,7,4,1,10.8999996185303,7,7,6,NA
"4020","Macedonia",2002,4,4,1,10.8999996185303,3,7,7,NA
"4024","Macedonia",2006,2,2,1,20,7,7,7,0
"4026","Macedonia",2008,4,4,1,20,9,7,7,0
"4029","Macedonia",2011,2,2,1,20,12,7,7,0
"4035","Mali",1979,11,NA,1,NA,11,1,2,NA
"4038","Mali",1982,14,3,1,NA,14,4,3,NA
"4040","Mali",1984,16,5,1,NA,16,4,3,NA
"4044","Mali",1988,20,9,1,NA,20,4,3,NA
"4048","Mali",1992,1,NA,1,NA,1,1,2,NA
"4053","Mali",1997,5,5,1,1,5,7,6.5,0
"4058","Mali",2002,10,10,1,1,10,6,6.5,0
"4063","Mali",2007,5,NA,1,1,5,7,7,0
"4068","Mali",2012,10,NA,1,1.75999999046326,10,7,7,0
"4070","Malta",1976,5,5,1,5,1,7,7,0
"4075","Malta",1981,10,10,1,5,6,7,7,0
"4081","Malta",1987,3,16,1,5,12,7,7,0
"4086","Malta",1992,5,5,1,5,17,7,7,0
"4090","Malta",1996,9,9,1,5,21,7,7,0
"4092","Malta",1998,2,2,1,5,23,7,7,0
"4097","Malta",2003,7,5,1,5,28,7,7,0
"4102","Malta",2008,5,10,1,5,33,7,7,0
"4110","Myanmar",1978,16,16,1,NA,16,3.5,3,NA
"4117","Myanmar",1985,4,23,1,NA,4,3.5,3,NA
"4122","Myanmar",1990,2,NA,1,NA,2,1,2,NA
"4142","Myanmar",2010,18,NA,1,NA,18,1,2,NA
"4144","Myanmar",2012,20,NA,1,NA,20,1,2,NA
"4147","Mongolia",1977,3,53,1,NA,3,3,3,NA
"4151","Mongolia",1981,7,57,1,NA,7,3,3,NA
"4156","Mongolia",1986,2,62,1,NA,2,3,3,NA
"4160","Mongolia",1990,6,66,1,NA,6,3,3,NA
"4162","Mongolia",1992,2,68,1,NA,2,6,6,NA
"4166","Mongolia",1996,6,NA,1,2.90000009536743,6,6,6,NA
"4170","Mongolia",2000,3,4,1,2.90000009536743,3,7,6,NA
"4174","Mongolia",2004,7,8,1,2.90000009536743,7,6,7,NA
"4178","Mongolia",2008,3,12,1,2.90000009536743,4,7,7,NA
"4182","Mongolia",2012,3,3,1,2.90000009536743,8,7,7,5
"4183","Mozambique",1975,NA,NA,NA,NA,NA,NA,NA,NA
"4185","Mozambique",1977,2,2,1,NA,2,1,2,NA
"4194","Mozambique",1986,11,11,1,NA,11,4,2,NA
"4202","Mozambique",1994,8,19,1,22.7000007629395,8,4,3,5
"4207","Mozambique",1999,13,21,1,22.7000007629395,5,7,7,5
"4212","Mozambique",2004,18,26,1,22.7000007629395,10,7,7,5
"4217","Mozambique",2009,5,31,1,22.7000007629395,15,7,7,5
"4221","Mauritania",1975,16,14,1,NA,16,4,3,NA
"4222","Mauritania",1976,17,15,1,NA,17,4,3,NA
"4238","Mauritania",1992,8,1,1,1.5,8,6,2,NA
"4242","Mauritania",1996,12,5,1,1.5,12,6,7,NA
"4247","Mauritania",2001,17,10,1,1.5,17,6,6,NA
"4252","Mauritania",2006,1,NA,1,NA,1,1,2,NA
"4258","Mauritania",2012,4,3,1,3.59999990463257,4,1,7,0
"4260","Mauritius",1976,8,9,1,3,9,7,7,NA
"4266","Mauritius",1982,14,15,1,3,15,7,7,NA
"4271","Mauritius",1987,5,5,1,3,4,7,7,NA
"4275","Mauritius",1991,9,9,1,3,8,7,7,NA
"4279","Mauritius",1995,13,13,1,3,12,7,7,NA
"4284","Mauritius",2000,5,5,1,3,17,7,7,NA
"4289","Mauritius",2005,2,2,1,3,2,6,7,NA
"4294","Mauritius",2010,5,2,1,3,5,7,7,NA
"4298","Malawi",1976,12,12,1,NA,12,3,2,NA
"4300","Malawi",1978,14,14,1,NA,14,3,2,NA
"4305","Malawi",1983,19,19,1,NA,19,4,2,NA
"4309","Malawi",1987,23,23,1,NA,23,4,2,NA
"4316","Malawi",1994,30,30,1,NA,30,5,2,NA
"4321","Malawi",1999,5,5,1,1,5,7,7,0
"4326","Malawi",2004,10,10,1,1,10,7,7,0
"4331","Malawi",2009,5,15,1,1,15,7,7,0
"4338","Malaysia",1978,2,4,1,1,2,6,6,0
"4342","Malaysia",1982,1,8,1,1,1,6,6,0
"4346","Malaysia",1986,5,12,1,1,5,6,6,0
"4350","Malaysia",1990,9,16,1,1,4,7,7,0
"4355","Malaysia",1995,14,21,1,1,9,7,7,0
"4359","Malaysia",1999,18,25,1,1,13,7,7,0
"4364","Malaysia",2004,1,30,1,1,18,7,7,0
"4368","Malaysia",2008,5,34,1,1,22,7,7,0
"4373","Namibia",1975,NA,NA,NA,NA,NA,NA,NA,NA
"4374","Namibia",1976,NA,NA,NA,NA,NA,NA,NA,NA
"4375","Namibia",1977,NA,NA,NA,NA,NA,NA,NA,NA
"4376","Namibia",1978,NA,NA,NA,NA,NA,NA,NA,NA
"4377","Namibia",1979,NA,NA,NA,NA,NA,NA,NA,NA
"4378","Namibia",1980,NA,NA,NA,NA,NA,NA,NA,NA
"4379","Namibia",1981,NA,NA,NA,NA,NA,NA,NA,NA
"4380","Namibia",1982,NA,NA,NA,NA,NA,NA,NA,NA
"4381","Namibia",1983,NA,NA,NA,NA,NA,NA,NA,NA
"4382","Namibia",1984,NA,NA,NA,NA,NA,NA,NA,NA
"4383","Namibia",1985,NA,NA,NA,NA,NA,NA,NA,NA
"4384","Namibia",1986,NA,NA,NA,NA,NA,NA,NA,NA
"4385","Namibia",1987,NA,NA,NA,NA,NA,NA,NA,NA
"4386","Namibia",1988,NA,NA,NA,NA,NA,NA,NA,NA
"4387","Namibia",1989,NA,NA,NA,NA,NA,NA,NA,NA
"4388","Namibia",1990,NA,NA,NA,0.720000028610229,NA,NA,NA,NA
"4392","Namibia",1994,4,4,1,0.720000028610229,4,7,7,0
"4397","Namibia",1999,9,9,1,0.720000028610229,9,7,6,0
"4402","Namibia",2004,14,14,1,0.720000028610229,14,7,6,0
"4407","Namibia",2009,5,19,1,0.720000028610229,5,6,6,0
"4429","Niger",1993,6,6,1,NA,6,2,3,NA
"4432","Niger",1996,3,3,1,8.60000038146973,3,7,7,0
"4435","Niger",1999,3,NA,1,8.5,6,7,7,NA
"4440","Niger",2004,5,5,1,8.5,11,7,7,NA
"4445","Niger",2009,10,10,1,7,16,7,7,0
"4447","Niger",2011,1,12,1,7,1,7,2,0
"4453","Nigeria",1979,3,NA,1,NA,3,1,2,NA
"4457","Nigeria",1983,4,4,1,NA,4,7,7,0
"4473","Nigeria",1999,6,NA,1,NA,6,1,2,NA
"4477","Nigeria",2003,4,4,1,1,4,7,7,NA
"4481","Nigeria",2007,8,8,1,1,8,7,7,NA
"4485","Nigeria",2011,1,12,1,1,12,7,7,NA
"4496","Nicaragua",1984,5,5,1,NA,5,2,2,NA
"4502","Nicaragua",1990,11,11,1,10,6,7,7,0
"4508","Nicaragua",1996,6,NA,1,7.59999990463257,12,7,7,0
"4513","Nicaragua",2001,5,5,1,7.59999990463257,17,7,7,0
"4518","Nicaragua",2006,5,5,1,7.59999990463257,22,7,7,0
"4523","Nicaragua",2011,5,5,1,7.59999990463257,27,7,7,0
"4527","Netherlands",1977,4,4,1,150,47,7,7,1
"4531","Netherlands",1981,4,4,1,150,51,7,7,1
"4532","Netherlands",1982,5,5,1,150,52,7,7,1
"4536","Netherlands",1986,4,9,1,150,56,7,7,1
"4539","Netherlands",1989,7,12,1,150,59,7,7,1
"4541","Netherlands",1991,9,14,1,8.30000019073486,61,7,7,1
"4544","Netherlands",1994,12,17,1,8.30000019073486,64,7,7,1
"4548","Netherlands",1998,4,4,1,8.30000019073486,68,7,7,1
"4552","Netherlands",2002,8,8,1,8.30000019073486,72,7,7,1
"4553","Netherlands",2003,9,9,1,8.30000019073486,73,7,7,1
"4556","Netherlands",2006,3,3,1,8.30000019073486,76,7,7,1
"4560","Netherlands",2010,7,7,1,8.30000019073486,80,7,7,0.670000016689301
"4562","Netherlands",2012,2,2,1,8.30000019073486,82,7,7,0.670000016689301
"4565","Norway",1977,1,6,1,10,47,7,7,0
"4569","Norway",1981,5,10,1,10,51,7,7,0
"4573","Norway",1985,4,4,1,10,55,7,7,0
"4577","Norway",1989,3,3,1,10,59,7,7,0
"4581","Norway",1993,3,3,1,10,63,7,7,0
"4585","Norway",1997,1,7,1,10,67,7,7,0
"4589","Norway",2001,4,4,1,10,71,7,7,0
"4593","Norway",2005,4,4,1,10,75,7,7,0
"4597","Norway",2009,4,4,1,8.89999961853027,79,7,7,0
"4607","Nepal",1981,1,NA,1,NA,1,4,4,NA
"4612","Nepal",1986,3,NA,1,NA,3,4,4,NA
"4617","Nepal",1991,5,NA,1,2.70000004768372,5,4,4,NA
"4620","Nepal",1994,3,3,1,2.70000004768372,3,7,7,0
"4625","Nepal",1999,2,4,1,2.70000004768372,8,7,7,0
"4634","Nepal",2008,1,1,1,195.589996337891,1,1,2,0
"4638","Nepal",2012,4,4,1,195.589996337891,4,7,7,0
"4639","New Zealand",1975,1,3,1,1,45,7,7,NA
"4642","New Zealand",1978,3,3,1,1,48,7,7,NA
"4645","New Zealand",1981,6,6,1,1,51,7,7,NA
"4648","New Zealand",1984,9,9,1,1,54,7,7,NA
"4651","New Zealand",1987,3,3,1,1,57,7,7,NA
"4654","New Zealand",1990,1,6,1,1,60,7,7,NA
"4657","New Zealand",1993,3,3,1,25.7999992370605,63,7,7,5
"4660","New Zealand",1996,6,6,1,25.7999992370605,66,7,7,5
"4663","New Zealand",1999,2,9,1,24,69,7,7,5
"4666","New Zealand",2002,3,3,1,24,72,7,7,5
"4669","New Zealand",2005,6,6,1,24,75,7,7,5
"4672","New Zealand",2008,9,9,1,21.4200000762939,78,7,7,5
"4675","New Zealand",2011,3,3,1,21.4200000762939,81,7,7,5
"4709","Oman",2007,37,NA,1,NA,37,2,2,NA
"4713","Oman",2011,41,NA,1,1.37999999523163,41,4,2,0
"4717","Pakistan",1977,5,5,1,NA,5,6,6,0
"4725","Pakistan",1985,8,NA,1,NA,8,2,3,NA
"4728","Pakistan",1988,11,NA,1,1,11,4,3,NA
"4730","Pakistan",1990,2,2,1,1,2,7,7,0
"4733","Pakistan",1993,3,3,1,1,5,7,7,0
"4737","Pakistan",1997,1,NA,1,1,9,7,7,0
"4742","Pakistan",2002,2,NA,1,NA,2,1,2,NA
"4748","Pakistan",2008,8,NA,1,1,8,7,2,0
"4756","Panama",1978,10,NA,1,NA,10,4,2,NA
"4762","Panama",1984,2,NA,1,NA,2,4,4,NA
"4767","Panama",1989,1,5,1,NA,5,7,7,5
"4772","Panama",1994,5,4,1,NA,10,7,7,5
"4777","Panama",1999,5,5,1,1,15,7,7,5
"4782","Panama",2004,5,5,1,1,20,7,7,5
"4787","Panama",2009,5,5,1,NA,25,7,7,0
"4794","Peru",1978,3,NA,1,NA,3,1,2,NA
"4796","Peru",1980,5,NA,1,NA,5,1,2,NA
"4801","Peru",1985,5,5,1,NA,5,7,7,0
"4806","Peru",1990,5,5,1,NA,10,7,7,0
"4811","Peru",1995,5,5,1,80,15,7,7,5
"4816","Peru",2000,10,10,1,118,20,7,7,5
"4817","Peru",2001,11,11,1,4.80000019073486,21,7,7,5
"4822","Peru",2006,4,5,1,4.80000019073486,26,7,7,5
"4827","Peru",2011,5,5,1,4.80000019073486,31,7,7,0
"4832","Philippines",1978,13,NA,1,NA,13,1,3,NA
"4838","Philippines",1984,19,6,1,NA,19,6,3,NA
"4841","Philippines",1987,1,1,1,NA,1,6,6.5,NA
"4846","Philippines",1992,6,6,1,1,6,6,6.5,2
"4849","Philippines",1995,3,3,1,1,3,7,7,2
"4852","Philippines",1998,6,6,1,1,6,7,7,2
"4855","Philippines",2001,1,1,1,1,9,7,7,2
"4858","Philippines",2004,4,4,1,1,12,7,7,2
"4861","Philippines",2007,7,7,1,1.10000002384186,15,7,7,2
"4864","Philippines",2010,10,10,1,1.10000002384186,18,7,7,2
"4869","P. N. Guinea",1977,4,4,1,1,4,6.5,6.5,NA
"4874","P. N. Guinea",1982,2,2,1,1,2,6.5,6.5,NA
"4879","P. N. Guinea",1987,2,2,1,1,5,7,7,NA
"4884","P. N. Guinea",1992,4,4,1,1,10,7,7,NA
"4889","P. N. Guinea",1997,3,3,1,1,15,7,7,NA
"4894","P. N. Guinea",2002,3,3,1,1,20,7,7,NA
"4899","P. N. Guinea",2007,5,5,1,1,25,7,7,NA
"4904","P. N. Guinea",2012,10,10,1,1,30,7,7,NA
"4906","Poland",1976,6,29,1,NA,6,4,3,NA
"4910","Poland",1980,10,33,1,NA,10,4,3,NA
"4915","Poland",1985,4,38,1,NA,4,4,3,NA
"4919","Poland",1989,8,42,1,NA,8,4,3,NA
"4921","Poland",1991,1,NA,1,NA,1,7,7,5
"4923","Poland",1993,3,NA,1,19.2999992370605,3,7,7,5
"4927","Poland",1997,2,2,1,16.7000007629395,7,7,7,5
"4931","Poland",2001,6,6,1,16.7000007629395,11,7,7,5
"4935","Poland",2005,10,10,1,11.1999998092651,15,7,7,5
"4937","Poland",2007,2,2,1,11.1999998092651,17,7,7,5
"4941","Poland",2011,1,1,1,11.1999998092651,21,7,7,5
"4945","PRK",1977,30,28,1,NA,30,3,3,NA
"4950","PRK",1982,35,33,1,NA,35,3,3,NA
"4954","PRK",1986,39,37,1,NA,39,3,3,NA
"4958","PRK",1990,43,41,1,NA,43,3,3,NA
"4977","PRK",2009,15,60,1,NA,15,3,3,NA
"4982","Portugal",1976,2,NA,1,NA,2,1,2,NA
"4985","Portugal",1979,3,NA,1,10.5,3,7,7,0
"4986","Portugal",1980,4,NA,1,10.5,4,7,7,0
"4989","Portugal",1983,1,3,1,10.5,7,7,7,0
"4991","Portugal",1985,2,2,1,10.5,9,7,7,0
"4993","Portugal",1987,2,2,1,10.5,11,7,7,0
"4997","Portugal",1991,4,6,1,10.5,15,7,7,0
"5001","Portugal",1995,8,10,1,10.5,19,7,7,0
"5005","Portugal",1999,3,3,1,10.5,23,7,7,0
"5008","Portugal",2002,3,6,1,10.5,26,7,7,0
"5011","Portugal",2005,3,9,1,10.5,29,7,7,0
"5015","Portugal",2009,4,4,1,10.5,33,7,7,0
"5017","Portugal",2011,6,6,1,10.5,35,7,7,0
"5022","Paraguay",1978,24,24,1,NA,24,7,6,0
"5027","Paraguay",1983,29,29,1,NA,29,7,6,0
"5032","Paraguay",1988,34,34,1,NA,34,7,6,0
"5033","Paraguay",1989,35,35,1,NA,35,7,6,0
"5037","Paraguay",1993,4,39,1,4.40000009536743,4,7,7,0
"5042","Paraguay",1998,5,44,1,4.40000009536743,9,7,7,0
"5047","Paraguay",2003,4,49,1,4.40000009536743,14,7,7,0
"5052","Paraguay",2008,5,54,1,4.40000009536743,19,7,7,0
"5095","Romania",1975,10,28,1,NA,10,4,3,NA
"5100","Romania",1980,15,33,1,NA,15,4,3,NA
"5105","Romania",1985,20,38,1,NA,20,4,3,NA
"5110","Romania",1990,1,1,1,NA,1,4,2,NA
"5112","Romania",1992,1,NA,1,NA,1,7,6,3
"5116","Romania",1996,4,NA,1,7.80000019073486,4,7,7,3
"5120","Romania",2000,2,4,1,7.80000019073486,8,7,7,3
"5124","Romania",2004,4,4,1,7.80000019073486,12,7,7,3
"5128","Romania",2008,4,NA,1,1,16,7,7,10
"5132","Romania",2012,8,NA,1,1,20,7,7,10
"5134","Russia",1993,2,NA,1,NA,2,5,7,NA
"5140","Russia",1999,8,NA,1,113,6,7,7,5
"5144","Russia",2003,3,NA,1,113,10,7,7,5
"5148","Russia",2007,7,NA,1,450,14,7,7,7
"5152","Russia",2011,3,3,1,450,18,7,7,7
"5160","Rwanda",1981,8,6,1,NA,8,1,3,NA
"5162","Rwanda",1983,10,8,1,NA,10,4,3,NA
"5167","Rwanda",1988,15,13,1,NA,15,4,3,NA
"5182","Rwanda",2003,3,9,1,NA,3,2,2,NA
"5187","Rwanda",2008,8,14,1,NA,8,6,6,5
"5233","Sudan",1978,9,7,1,NA,9,3.5,3,NA
"5235","Sudan",1980,11,9,1,NA,11,3.5,3,NA
"5236","Sudan",1981,12,10,1,NA,12,3.5,3,NA
"5241","Sudan",1986,1,NA,1,NA,1,3.5,2,NA
"5251","Sudan",1996,7,7,1,NA,7,1,2,NA
"5255","Sudan",2000,11,11,1,1,11,2,2,NA
"5265","Sudan",2010,21,21,1,NA,21,2,2,NA
"5271","Senegal",1978,18,2,1,NA,18,6,3,0
"5276","Senegal",1983,3,7,1,31,3,6,6,0
"5281","Senegal",1988,8,12,1,31,8,6,6,0
"5286","Senegal",1993,13,17,1,41.5,1,7,7,0
"5291","Senegal",1998,18,22,1,41.5,6,7,7,0
"5294","Senegal",2001,1,1,1,36.2000007629395,9,7,7,0
"5300","Senegal",2007,7,6,1,4.30000019073486,15,7,7,0
"5305","Senegal",2012,12,11,1,4.30000019073486,20,7,7,0
"5307","Singapore",1976,10,10,1,1,10,6,6,NA
"5311","Singapore",1980,14,14,1,1,14,6,6,NA
"5315","Singapore",1984,18,18,1,1,18,6,6,NA
"5319","Singapore",1988,22,22,1,1,22,6,6,NA
"5322","Singapore",1991,1,25,1,1,1,6,6,NA
"5328","Singapore",1997,7,31,1,3.65000009536743,7,6,6,NA
"5332","Singapore",2001,11,35,1,3.65000009536743,11,6,6,NA
"5337","Singapore",2006,2,40,1,3.65000009536743,2,6,6,NA
"5342","Singapore",2011,7,44,1,3.35999989509583,7,6,6,NA
"5344","Solomon Is.",1975,NA,NA,NA,NA,NA,NA,NA,NA
"5345","Solomon Is.",1976,NA,NA,NA,NA,NA,NA,NA,NA
"5346","Solomon Is.",1977,1,NA,NA,NA,NA,NA,NA,NA
"5347","Solomon Is.",1978,2,NA,NA,NA,NA,NA,NA,NA
"5349","Solomon Is.",1980,4,4,1,NA,4,6.5,6.5,NA
"5353","Solomon Is.",1984,3,3,1,1,3,6.5,6.5,NA
"5358","Solomon Is.",1989,3,5,1,1,5,7,7,NA
"5362","Solomon Is.",1993,4,NA,1,1,9,7,7,NA
"5366","Solomon Is.",1997,3,2,1,1,13,7,7,NA
"5370","Solomon Is.",2001,1,1,1,1,17,7,7,NA
"5375","Solomon Is.",2006,5,5,1,1,22,7,7,NA
"5379","Solomon Is.",2010,3,1,1,1,26,7,7,NA
"5384","Sierra Leone",1977,6,6,1,NA,6,5,3,NA
"5389","Sierra Leone",1982,11,11,1,NA,11,4,3,NA
"5393","Sierra Leone",1986,1,15,1,NA,1,4,3,NA
"5403","Sierra Leone",1996,1,NA,1,NA,1,1,2,NA
"5409","Sierra Leone",2002,4,6,1,5.69999980926514,6,7,7,5
"5414","Sierra Leone",2007,9,11,1,1,11,7,7,0
"5419","Sierra Leone",2012,5,5,1,1,16,7,7,0
"5427","El Salvador",1982,2,NA,1,NA,2,1,2,NA
"5430","El Salvador",1985,1,1,1,6.80000019073486,1,7,7,0
"5433","El Salvador",1988,4,4,1,6.80000019073486,4,7,7,0
"5436","El Salvador",1991,2,2,1,6.80000019073486,7,7,7,0
"5439","El Salvador",1994,5,5,1,8.19999980926514,10,7,7,0
"5442","El Salvador",1997,3,8,1,5.59999990463257,13,7,7,0
"5448","El Salvador",2003,4,14,1,5.59999990463257,19,7,7,0
"5451","El Salvador",2006,2,17,1,5.59999990463257,22,7,7,0
"5454","El Salvador",2009,5,20,1,8.23999977111816,25,7,7,0
"5457","El Salvador",2012,3,3,1,8.23999977111816,28,7,7,0
"5462","Somalia",1979,10,3,1,NA,10,1,2,NA
"5467","Somalia",1984,15,8,1,NA,15,3,3,NA
"5475","Somalia",1992,NA,NA,NA,NA,NA,NA,NA,NA
"5476","Somalia",1993,NA,NA,NA,NA,NA,NA,NA,NA
"5477","Somalia",1994,NA,NA,NA,NA,NA,NA,NA,NA
"5478","Somalia",1995,NA,NA,NA,NA,NA,NA,NA,NA
"5479","Somalia",1996,NA,NA,NA,NA,NA,NA,NA,NA
"5480","Somalia",1997,NA,NA,NA,NA,NA,NA,NA,NA
"5481","Somalia",1998,NA,NA,NA,NA,NA,NA,NA,NA
"5482","Somalia",1999,NA,NA,NA,NA,NA,NA,NA,NA
"5483","Somalia",2000,NA,NA,NA,NA,NA,NA,NA,NA
"5484","Somalia",2001,1,NA,NA,NA,NA,NA,NA,NA
"5485","Somalia",2002,2,NA,NA,NA,NA,NA,NA,NA
"5486","Somalia",2003,3,NA,NA,NA,NA,NA,NA,NA
"5487","Somalia",2004,4,NA,NA,NA,NA,NA,NA,NA
"5488","Somalia",2005,1,NA,NA,NA,NA,1,NA,NA
"5489","Somalia",2006,2,NA,NA,NA,NA,1,NA,NA
"5490","Somalia",2007,3,NA,NA,NA,NA,1,NA,NA
"5491","Somalia",2008,4,NA,NA,NA,NA,1,NA,NA
"5492","Somalia",2009,5,NA,NA,NA,NA,1,NA,NA
"5493","Somalia",2010,1,NA,NA,NA,1,1,2,NA
"5513","Suriname",1975,NA,NA,NA,NA,NA,NA,NA,NA
"5514","Suriname",1976,3,3,1,NA,1,7,7,0
"5515","Suriname",1977,4,4,1,NA,2,7,7,0
"5525","Suriname",1987,2,2,1,NA,2,2,2,NA
"5529","Suriname",1991,1,1,1,5.09999990463257,1,7,2,0
"5534","Suriname",1996,5,5,1,5.09999990463257,5,7,7,0
"5538","Suriname",2000,4,9,1,5.09999990463257,9,7,7,0
"5543","Suriname",2005,5,5,1,5.09999990463257,14,7,7,0
"5548","Suriname",2010,10,10,1,5.09999990463257,19,7,7,0
"5551","Slovakia",1975,NA,NA,NA,NA,NA,NA,NA,NA
"5552","Slovakia",1976,NA,NA,NA,NA,NA,NA,NA,NA
"5553","Slovakia",1977,NA,NA,NA,NA,NA,NA,NA,NA
"5554","Slovakia",1978,NA,NA,NA,NA,NA,NA,NA,NA
"5555","Slovakia",1979,NA,NA,NA,NA,NA,NA,NA,NA
"5556","Slovakia",1980,NA,NA,NA,NA,NA,NA,NA,NA
"5557","Slovakia",1981,NA,NA,NA,NA,NA,NA,NA,NA
"5558","Slovakia",1982,NA,NA,NA,NA,NA,NA,NA,NA
"5559","Slovakia",1983,NA,NA,NA,NA,NA,NA,NA,NA
"5560","Slovakia",1984,NA,NA,NA,NA,NA,NA,NA,NA
"5561","Slovakia",1985,NA,NA,NA,NA,NA,NA,NA,NA
"5562","Slovakia",1986,NA,NA,NA,NA,NA,NA,NA,NA
"5563","Slovakia",1987,NA,NA,NA,NA,NA,NA,NA,NA
"5564","Slovakia",1988,NA,NA,NA,NA,NA,NA,NA,NA
"5565","Slovakia",1989,NA,NA,NA,NA,NA,NA,NA,NA
"5566","Slovakia",1990,NA,NA,NA,NA,NA,NA,NA,NA
"5567","Slovakia",1991,NA,NA,NA,NA,NA,NA,NA,NA
"5568","Slovakia",1992,NA,NA,NA,NA,NA,NA,NA,NA
"5570","Slovakia",1994,2,2,1,150,2,7,7,5
"5574","Slovakia",1998,4,6,1,150,6,7,7,5
"5578","Slovakia",2002,4,4,1,150,10,7,7,5
"5582","Slovakia",2006,8,8,1,150,14,7,7,5
"5586","Slovakia",2010,4,4,1,150,18,7,7,5
"5588","Slovakia",2012,2,6,1,150,20,7,7,5
"5589","Slovenia",1975,NA,NA,NA,NA,NA,NA,NA,NA
"5590","Slovenia",1976,NA,NA,NA,NA,NA,NA,NA,NA
"5591","Slovenia",1977,NA,NA,NA,NA,NA,NA,NA,NA
"5592","Slovenia",1978,NA,NA,NA,NA,NA,NA,NA,NA
"5593","Slovenia",1979,NA,NA,NA,NA,NA,NA,NA,NA
"5594","Slovenia",1980,NA,NA,NA,NA,NA,NA,NA,NA
"5595","Slovenia",1981,NA,NA,NA,NA,NA,NA,NA,NA
"5596","Slovenia",1982,NA,NA,NA,NA,NA,NA,NA,NA
"5597","Slovenia",1983,NA,NA,NA,NA,NA,NA,NA,NA
"5598","Slovenia",1984,NA,NA,NA,NA,NA,NA,NA,NA
"5599","Slovenia",1985,NA,NA,NA,NA,NA,NA,NA,NA
"5600","Slovenia",1986,NA,NA,NA,NA,NA,NA,NA,NA
"5601","Slovenia",1987,NA,NA,NA,NA,NA,NA,NA,NA
"5602","Slovenia",1988,NA,NA,NA,NA,NA,NA,NA,NA
"5603","Slovenia",1989,NA,NA,NA,NA,NA,NA,NA,NA
"5604","Slovenia",1990,NA,NA,NA,NA,NA,NA,NA,NA
"5605","Slovenia",1991,NA,NA,NA,NA,NA,NA,NA,NA
"5606","Slovenia",1992,2,2,1,11,1,7,7,NA
"5610","Slovenia",1996,4,4,1,11,5,7,7,0
"5614","Slovenia",2000,8,8,1,11,9,7,7,0
"5618","Slovenia",2004,2,12,1,11,13,7,7,0
"5622","Slovenia",2008,4,16,1,10,17,7,7,4
"5625","Slovenia",2011,3,3,1,10,20,7,7,4
"5628","Sweden",1976,7,40,1,13.8999996185303,46,7,7,4
"5631","Sweden",1979,1,1,1,13.8999996185303,49,7,7,4
"5634","Sweden",1982,3,3,1,13.8999996185303,52,7,7,4
"5637","Sweden",1985,3,3,1,13.8999996185303,55,7,7,4
"5640","Sweden",1988,2,6,1,13.8999996185303,58,7,7,4
"5643","Sweden",1991,5,9,1,13.8999996185303,61,7,7,4
"5646","Sweden",1994,3,3,1,13.8999996185303,64,7,7,4
"5650","Sweden",1998,2,4,1,11.6000003814697,68,7,7,4
"5654","Sweden",2002,6,8,1,11.6000003814697,72,7,7,4
"5658","Sweden",2006,4,12,1,11.6000003814697,76,7,7,4
"5662","Sweden",2010,4,16,1,11.6000003814697,80,7,7,4
"5705","Syria",1977,6,5,1,NA,6,6,3,NA
"5709","Syria",1981,10,9,1,NA,10,6,3,NA
"5714","Syria",1986,15,14,1,NA,15,5,3,NA
"5718","Syria",1990,19,18,1,NA,19,6,3,NA
"5722","Syria",1994,23,22,1,16.7000007629395,23,7,3,NA
"5726","Syria",1998,27,26,1,16.7000007629395,27,7,3,NA
"5731","Syria",2003,3,31,1,16.7000007629395,3,7,3,NA
"5735","Syria",2007,7,35,1,16.7000007629395,7,7,3,NA
"5740","Syria",2012,12,40,1,16.7000007629395,12,7,3,NA
"5756","Chad",1990,8,6,1,NA,8,1,2,NA
"5763","Chad",1997,7,7,1,NA,7,2,7,NA
"5768","Chad",2002,12,12,1,2.63000011444092,5,7,7,NA
"5777","Chad",2011,21,21,1,1.33000004291534,21,1,7,NA
"5783","Togo",1979,12,10,1,NA,12,1,2,NA
"5789","Togo",1985,18,16,1,NA,18,3,3,NA
"5798","Togo",1994,1,1,1,1,1,5,3,NA
"5803","Togo",1999,6,6,1,1,5,7,7,NA
"5806","Togo",2002,9,9,1,1,9,6,7,NA
"5811","Togo",2007,2,14,1,1,2,6,7,NA
"5816","Togo",2012,7,19,1,13.5,5,7,7,0
"5817","Thailand",1975,2,NA,1,NA,2,1,2,NA
"5821","Thailand",1979,2,NA,1,NA,2,2,2,NA
"5825","Thailand",1983,3,NA,1,NA,4,7,7,NA
"5829","Thailand",1987,7,NA,1,NA,8,7,7,NA
"5834","Thailand",1992,1,NA,1,NA,1,1,2,NA
"5837","Thailand",1995,3,3,1,NA,3,7,7,NA
"5838","Thailand",1996,1,1,1,NA,4,7,7,NA
"5843","Thailand",2001,1,1,1,20.7999992370605,9,7,7,NA
"5847","Thailand",2005,5,5,1,20.7999992370605,13,7,7,NA
"5849","Thailand",2007,NA,NA,1,2.90000009536743,NA,1,2,NA
"5853","Thailand",2011,3,4,1,2.90000009536743,4,7,7,NA
"5855","Tajikistan",1975,NA,NA,NA,NA,NA,NA,NA,NA
"5856","Tajikistan",1976,NA,NA,NA,NA,NA,NA,NA,NA
"5857","Tajikistan",1977,NA,NA,NA,NA,NA,NA,NA,NA
"5858","Tajikistan",1978,NA,NA,NA,NA,NA,NA,NA,NA
"5859","Tajikistan",1979,NA,NA,NA,NA,NA,NA,NA,NA
"5860","Tajikistan",1980,NA,NA,NA,NA,NA,NA,NA,NA
"5861","Tajikistan",1981,NA,NA,NA,NA,NA,NA,NA,NA
"5862","Tajikistan",1982,NA,NA,NA,NA,NA,NA,NA,NA
"5863","Tajikistan",1983,NA,NA,NA,NA,NA,NA,NA,NA
"5864","Tajikistan",1984,NA,NA,NA,NA,NA,NA,NA,NA
"5865","Tajikistan",1985,NA,NA,NA,NA,NA,NA,NA,NA
"5866","Tajikistan",1986,NA,NA,NA,NA,NA,NA,NA,NA
"5867","Tajikistan",1987,NA,NA,NA,NA,NA,NA,NA,NA
"5868","Tajikistan",1988,NA,NA,NA,NA,NA,NA,NA,NA
"5869","Tajikistan",1989,NA,NA,NA,NA,NA,NA,NA,NA
"5870","Tajikistan",1990,NA,NA,NA,NA,NA,NA,NA,NA
"5871","Tajikistan",1991,NA,NA,NA,NA,NA,NA,NA,NA
"5875","Tajikistan",1995,3,4,1,1,3,5.5,7,NA
"5880","Tajikistan",2000,8,9,1,1,8,7,6,NA
"5885","Tajikistan",2005,13,14,1,1,13,7,6,NA
"5890","Tajikistan",2010,18,19,1,1,18,6,6,NA
"5893","Turkmenistan",1975,NA,NA,NA,NA,NA,NA,NA,NA
"5894","Turkmenistan",1976,NA,NA,NA,NA,NA,NA,NA,NA
"5895","Turkmenistan",1977,NA,NA,NA,NA,NA,NA,NA,NA
"5896","Turkmenistan",1978,NA,NA,NA,NA,NA,NA,NA,NA
"5897","Turkmenistan",1979,NA,NA,NA,NA,NA,NA,NA,NA
"5898","Turkmenistan",1980,NA,NA,NA,NA,NA,NA,NA,NA
"5899","Turkmenistan",1981,NA,NA,NA,NA,NA,NA,NA,NA
"5900","Turkmenistan",1982,NA,NA,NA,NA,NA,NA,NA,NA
"5901","Turkmenistan",1983,NA,NA,NA,NA,NA,NA,NA,NA
"5902","Turkmenistan",1984,NA,NA,NA,NA,NA,NA,NA,NA
"5903","Turkmenistan",1985,NA,NA,NA,NA,NA,NA,NA,NA
"5904","Turkmenistan",1986,NA,NA,NA,NA,NA,NA,NA,NA
"5905","Turkmenistan",1987,NA,NA,NA,NA,NA,NA,NA,NA
"5906","Turkmenistan",1988,NA,NA,NA,NA,NA,NA,NA,NA
"5907","Turkmenistan",1989,NA,NA,NA,NA,NA,NA,NA,NA
"5908","Turkmenistan",1990,NA,NA,NA,NA,NA,NA,NA,NA
"5909","Turkmenistan",1991,NA,NA,NA,NA,NA,NA,NA,NA
"5912","Turkmenistan",1994,3,3,1,NA,3,5,3,NA
"5931","Timor-Leste",1975,NA,NA,NA,NA,NA,NA,NA,NA
"5932","Timor-Leste",1976,NA,NA,NA,NA,NA,NA,NA,NA
"5933","Timor-Leste",1977,NA,NA,NA,NA,NA,NA,NA,NA
"5934","Timor-Leste",1978,NA,NA,NA,NA,NA,NA,NA,NA
"5935","Timor-Leste",1979,NA,NA,NA,NA,NA,NA,NA,NA
"5936","Timor-Leste",1980,NA,NA,NA,NA,NA,NA,NA,NA
"5937","Timor-Leste",1981,NA,NA,NA,NA,NA,NA,NA,NA
"5938","Timor-Leste",1982,NA,NA,NA,NA,NA,NA,NA,NA
"5939","Timor-Leste",1983,NA,NA,NA,NA,NA,NA,NA,NA
"5940","Timor-Leste",1984,NA,NA,NA,NA,NA,NA,NA,NA
"5941","Timor-Leste",1985,NA,NA,NA,NA,NA,NA,NA,NA
"5942","Timor-Leste",1986,NA,NA,NA,NA,NA,NA,NA,NA
"5943","Timor-Leste",1987,NA,NA,NA,NA,NA,NA,NA,NA
"5944","Timor-Leste",1988,NA,NA,NA,NA,NA,NA,NA,NA
"5945","Timor-Leste",1989,NA,NA,NA,NA,NA,NA,NA,NA
"5946","Timor-Leste",1990,NA,NA,NA,NA,NA,NA,NA,NA
"5947","Timor-Leste",1991,NA,NA,NA,NA,NA,NA,NA,NA
"5948","Timor-Leste",1992,NA,NA,NA,NA,NA,NA,NA,NA
"5949","Timor-Leste",1993,NA,NA,NA,NA,NA,NA,NA,NA
"5950","Timor-Leste",1994,NA,NA,NA,NA,NA,NA,NA,NA
"5951","Timor-Leste",1995,NA,NA,NA,NA,NA,NA,NA,NA
"5952","Timor-Leste",1996,NA,NA,NA,NA,NA,NA,NA,NA
"5953","Timor-Leste",1997,NA,NA,NA,NA,NA,NA,NA,NA
"5954","Timor-Leste",1998,NA,NA,NA,NA,NA,NA,NA,NA
"5955","Timor-Leste",1999,NA,NA,NA,NA,NA,NA,NA,NA
"5956","Timor-Leste",2000,NA,NA,NA,NA,NA,NA,NA,NA
"5957","Timor-Leste",2001,NA,NA,1,NA,NA,NA,NA,NA
"5963","Timor-Leste",2007,5,5,1,NA,5,7,6,NA
"5968","Timor-Leste",2012,1,5,1,65,1,7,6,0
"5970","Trinidad-Tobago",1976,17,17,1,1,10,7,7,NA
"5975","Trinidad-Tobago",1981,22,22,1,1,15,7,7,NA
"5980","Trinidad-Tobago",1986,5,27,1,1,20,7,7,NA
"5985","Trinidad-Tobago",1991,5,5,1,1,5,6,6,NA
"5989","Trinidad-Tobago",1995,4,4,1,1,4,7,7,NA
"5994","Trinidad-Tobago",2000,5,3,1,1,9,7,7,NA
"5995","Trinidad-Tobago",2001,6,4,1,1,10,7,7,NA
"5996","Trinidad-Tobago",2002,1,1,1,1,11,7,7,NA
"6001","Trinidad-Tobago",2007,6,6,1,1,16,7,7,NA
"6004","Trinidad-Tobago",2010,9,9,1,1,19,7,7,NA
"6013","Tunisia",1981,24,24,1,NA,24,4,2,NA
"6018","Tunisia",1986,29,29,1,NA,29,5,2,NA
"6021","Tunisia",1989,2,1,1,NA,2,5,2,NA
"6026","Tunisia",1994,7,6,1,NA,7,5,3,NA
"6031","Tunisia",1999,12,11,1,17,12,6,3,5
"6036","Tunisia",2004,17,16,1,17,17,6,6,5
"6041","Tunisia",2009,22,21,1,7.55999994277954,22,6,6,0
"6043","Tunisia",2011,24,23,1,7.55999994277954,1,7,7,0
"6047","Turkey",1977,2,2,1,NA,17,7,7,NA
"6053","Turkey",1983,3,NA,1,NA,3,1,2,NA
"6057","Turkey",1987,4,4,1,NA,3,7,7,10
"6061","Turkey",1991,2,8,1,NA,7,7,7,10
"6065","Turkey",1995,2,4,1,NA,11,7,7,10
"6069","Turkey",1999,4,4,1,7,15,7,7,10
"6072","Turkey",2002,3,3,1,7,18,7,7,10
"6077","Turkey",2007,5,5,1,7,23,7,7,10
"6081","Turkey",2011,4,9,1,7,27,7,7,10
"6103","Taiwan",1995,7,67,1,8.80000019073486,7,7,3,0
"6104","Taiwan",1996,1,68,1,8.69999980926514,1,7,3,0
"6109","Taiwan",2001,1,1,1,11.5,5,7,7,0
"6112","Taiwan",2004,4,4,1,11.5,8,7,7,0
"6113","Taiwan",2005,5,5,1,11.5,9,7,7,0
"6116","Taiwan",2008,8,8,1,11.5,12,7,7,0
"6120","Taiwan",2012,4,4,1,11.5,16,7,7,0
"6121","Tanzania",1975,13,14,1,NA,13,2,3,NA
"6126","Tanzania",1980,18,3,1,NA,18,2,3,NA
"6131","Tanzania",1985,23,8,1,NA,23,2,3,NA
"6136","Tanzania",1990,5,13,1,NA,5,4,3,NA
"6141","Tanzania",1995,10,18,1,NA,10,5,3,NA
"6146","Tanzania",2000,5,23,1,1,5,6,7,NA
"6151","Tanzania",2005,10,28,1,1,10,6,7,NA
"6156","Tanzania",2010,5,33,1,1,5,6,6,NA
"6164","Uganda",1980,1,1,1,NA,1,2,2,NA
"6173","Uganda",1989,4,4,1,NA,4,2,2,NA
"6176","Uganda",1992,7,7,1,NA,7,4,2,NA
"6180","Uganda",1996,11,11,1,1,11,4,2,NA
"6185","Uganda",2001,16,16,1,1,16,5,7,NA
"6190","Uganda",2006,21,21,1,1,21,5,7,NA
"6195","Uganda",2011,26,26,1,1,26,6,7,NA
"6197","Ukraine",1975,NA,NA,NA,NA,NA,NA,NA,NA
"6198","Ukraine",1976,NA,NA,NA,NA,NA,NA,NA,NA
"6199","Ukraine",1977,NA,NA,NA,NA,NA,NA,NA,NA
"6200","Ukraine",1978,NA,NA,NA,NA,NA,NA,NA,NA
"6201","Ukraine",1979,NA,NA,NA,NA,NA,NA,NA,NA
"6202","Ukraine",1980,NA,NA,NA,NA,NA,NA,NA,NA
"6203","Ukraine",1981,NA,NA,NA,NA,NA,NA,NA,NA
"6204","Ukraine",1982,NA,NA,NA,NA,NA,NA,NA,NA
"6205","Ukraine",1983,NA,NA,NA,NA,NA,NA,NA,NA
"6206","Ukraine",1984,NA,NA,NA,NA,NA,NA,NA,NA
"6207","Ukraine",1985,NA,NA,NA,NA,NA,NA,NA,NA
"6208","Ukraine",1986,NA,NA,NA,NA,NA,NA,NA,NA
"6209","Ukraine",1987,NA,NA,NA,NA,NA,NA,NA,NA
"6210","Ukraine",1988,NA,NA,NA,NA,NA,NA,NA,NA
"6211","Ukraine",1989,NA,NA,NA,NA,NA,NA,NA,NA
"6212","Ukraine",1990,NA,NA,NA,NA,NA,NA,NA,NA
"6213","Ukraine",1991,NA,NA,NA,NA,NA,NA,NA,NA
"6216","Ukraine",1994,4,NA,1,1,3,7,7,NA
"6220","Ukraine",1998,4,4,1,113,7,7,7,4
"6224","Ukraine",2002,8,8,1,113,11,7,7,4
"6228","Ukraine",2006,2,NA,1,113,15,7,7,3
"6229","Ukraine",2007,3,NA,1,450,16,7,7,3
"6234","Ukraine",2012,2,1,1,450,21,7,7,3
"6244","Uruguay",1984,3,NA,1,NA,3,2,2,NA
"6249","Uruguay",1989,5,5,1,5.19999980926514,5,7,7,0
"6254","Uruguay",1994,5,5,1,5.19999980926514,10,7,7,0
"6259","Uruguay",1999,5,5,1,5.19999980926514,15,7,7,0
"6264","Uruguay",2004,5,10,1,5.19999980926514,20,7,7,0
"6269","Uruguay",2009,5,5,1,5.19999980926514,25,7,7,0
"6274","USA",1976,2,8,1,1,46,7,7,NA
"6276","USA",1978,2,2,1,1,48,7,7,NA
"6278","USA",1980,4,4,1,1,50,7,7,NA
"6280","USA",1982,2,2,1,1,52,7,7,NA
"6282","USA",1984,4,4,1,1,54,7,7,NA
"6284","USA",1986,6,6,1,1,56,7,7,NA
"6286","USA",1988,8,8,1,1,58,7,7,NA
"6288","USA",1990,2,10,1,1,60,7,7,NA
"6290","USA",1992,4,12,1,1,62,7,7,NA
"6292","USA",1994,2,2,1,1,64,7,7,NA
"6294","USA",1996,4,4,1,1,66,7,7,NA
"6296","USA",1998,6,6,1,1,68,7,7,NA
"6298","USA",2000,8,8,1,1,70,7,7,NA
"6300","USA",2002,2,2,1,1,72,7,7,NA
"6302","USA",2004,4,4,1,1,74,7,7,NA
"6304","USA",2006,6,6,1,1,76,7,7,NA
"6306","USA",2008,8,8,1,1,78,7,7,NA
"6308","USA",2010,2,2,1,1,80,7,7,NA
"6310","USA",2012,4,4,1,1,82,7,7,NA
"6311","Uzbekistan",1975,NA,NA,NA,NA,NA,NA,NA,NA
"6312","Uzbekistan",1976,NA,NA,NA,NA,NA,NA,NA,NA
"6313","Uzbekistan",1977,NA,NA,NA,NA,NA,NA,NA,NA
"6314","Uzbekistan",1978,NA,NA,NA,NA,NA,NA,NA,NA
"6315","Uzbekistan",1979,NA,NA,NA,NA,NA,NA,NA,NA
"6316","Uzbekistan",1980,NA,NA,NA,NA,NA,NA,NA,NA
"6317","Uzbekistan",1981,NA,NA,NA,NA,NA,NA,NA,NA
"6318","Uzbekistan",1982,NA,NA,NA,NA,NA,NA,NA,NA
"6319","Uzbekistan",1983,NA,NA,NA,NA,NA,NA,NA,NA
"6320","Uzbekistan",1984,NA,NA,NA,NA,NA,NA,NA,NA
"6321","Uzbekistan",1985,NA,NA,NA,NA,NA,NA,NA,NA
"6322","Uzbekistan",1986,NA,NA,NA,NA,NA,NA,NA,NA
"6323","Uzbekistan",1987,NA,NA,NA,NA,NA,NA,NA,NA
"6324","Uzbekistan",1988,NA,NA,NA,NA,NA,NA,NA,NA
"6325","Uzbekistan",1989,NA,NA,NA,NA,NA,NA,NA,NA
"6326","Uzbekistan",1990,NA,NA,NA,NA,NA,NA,NA,NA
"6327","Uzbekistan",1991,NA,NA,NA,NA,NA,NA,NA,NA
"6330","Uzbekistan",1994,3,3,1,NA,3,4,6,NA
"6331","Uzbekistan",1995,4,4,1,NA,4,4,6,NA
"6335","Uzbekistan",1999,8,8,1,NA,8,4,3,NA
"6340","Uzbekistan",2004,13,13,1,NA,13,7,3,NA
"6345","Uzbekistan",2009,18,2,1,1,18,7,3,NA
"6352","Venezuela",1978,5,5,1,NA,5,7,6.5,0
"6357","Venezuela",1983,5,5,1,NA,5,7,7,0
"6362","Venezuela",1988,5,5,1,NA,10,7,7,0
"6367","Venezuela",1993,5,10,1,NA,15,7,7,0
"6372","Venezuela",1998,5,5,1,6.90000009536743,20,7,7,0
"6374","Venezuela",2000,2,2,1,6.90000009536743,22,7,7,0
"6379","Venezuela",2005,7,7,1,6.90000009536743,27,7,7,0
"6384","Venezuela",2010,12,12,1,6.80000019073486,32,7,7,0
"6388","Vietnam",1976,7,25,1,NA,7,3,3,NA
"6393","Vietnam",1981,12,30,1,NA,12,3,3,NA
"6399","Vietnam",1987,6,36,1,NA,6,3,3,NA
"6404","Vietnam",1992,5,41,1,NA,5,3,3,NA
"6409","Vietnam",1997,5,46,1,NA,5,4,4,NA
"6414","Vietnam",2002,5,51,1,NA,5,4,4,NA
"6419","Vietnam",2007,1,56,1,NA,1,4,4,NA
"6423","Vietnam",2011,5,60,1,2.70000004768372,5,4,4,NA
"6425","Vanuatu",1975,NA,NA,NA,NA,NA,NA,NA,NA
"6426","Vanuatu",1976,NA,NA,NA,NA,NA,NA,NA,NA
"6427","Vanuatu",1977,NA,NA,NA,NA,NA,NA,NA,NA
"6428","Vanuatu",1978,NA,NA,NA,NA,NA,NA,NA,NA
"6429","Vanuatu",1979,NA,NA,NA,NA,NA,NA,NA,NA
"6430","Vanuatu",1980,NA,NA,NA,NA,NA,NA,NA,NA
"6433","Vanuatu",1983,4,4,1,NA,3,7,7,NA
"6437","Vanuatu",1987,8,8,1,NA,7,7,7,NA
"6441","Vanuatu",1991,12,12,1,NA,12,6,6,NA
"6445","Vanuatu",1995,4,4,1,NA,4,7,7,NA
"6448","Vanuatu",1998,1,7,1,NA,7,7,7,NA
"6452","Vanuatu",2002,1,2,1,3.70000004768372,11,7,7,NA
"6454","Vanuatu",2004,1,4,1,3.70000004768372,13,7,7,NA
"6458","Vanuatu",2008,4,4,1,3,17,7,7,NA
"6462","Vanuatu",2012,4,4,1,3,21,7,7,NA
"6464","Samoa",1976,1,NA,1,NA,1,4,4,NA
"6467","Samoa",1979,3,NA,1,NA,3,4,4,NA
"6470","Samoa",1982,6,NA,1,NA,6,4,4,NA
"6473","Samoa",1985,3,3,1,NA,3,7,7,NA
"6476","Samoa",1988,3,NA,1,NA,6,7,7,NA
"6479","Samoa",1991,3,3,1,NA,9,7,7,NA
"6484","Samoa",1996,8,7,1,1.29999995231628,14,7,7,NA
"6489","Samoa",2001,2,11,1,1.29999995231628,19,7,7,NA
"6494","Samoa",2006,7,16,1,1.29999995231628,24,7,7,NA
"6499","Samoa",2011,12,21,1,1.20000004768372,29,7,7,NA
"6508","Yemen (AR)",1982,4,NA,1,NA,4,2,2,NA
"6514","Yemen (AR)",1988,10,NA,1,NA,10,3.5,3.5,NA
"6519","Yemen",1993,15,5,1,1,15,3.5,3.5,NA
"6523","Yemen",1997,19,9,1,1,4,7,7,NA
"6529","Yemen",2003,25,15,1,1,25,7,6,NA
"6542","Yemen (PDR)",1978,9,3,1,NA,9,2,2,NA
"6550","Yemen (PDR)",1986,6,8,1,NA,6,3.5,3.5,NA
"6554","Yemen (PDR)",1990,NA,NA,NA,NA,NA,NA,NA,NA
"6555","Yemen (PDR)",1991,NA,NA,NA,NA,NA,NA,NA,NA
"6556","Yemen (PDR)",1992,NA,NA,NA,NA,NA,NA,NA,NA
"6557","Yemen (PDR)",1993,NA,NA,NA,NA,NA,NA,NA,NA
"6558","Yemen (PDR)",1994,NA,NA,NA,NA,NA,NA,NA,NA
"6559","Yemen (PDR)",1995,NA,NA,NA,NA,NA,NA,NA,NA
"6560","Yemen (PDR)",1996,NA,NA,NA,NA,NA,NA,NA,NA
"6561","Yemen (PDR)",1997,NA,NA,NA,NA,NA,NA,NA,NA
"6562","Yemen (PDR)",1998,NA,NA,NA,NA,NA,NA,NA,NA
"6563","Yemen (PDR)",1999,NA,NA,NA,NA,NA,NA,NA,NA
"6564","Yemen (PDR)",2000,NA,NA,NA,NA,NA,NA,NA,NA
"6565","Yemen (PDR)",2001,NA,NA,NA,NA,NA,NA,NA,NA
"6566","Yemen (PDR)",2002,NA,NA,NA,NA,NA,NA,NA,NA
"6567","Yemen (PDR)",2003,NA,NA,NA,NA,NA,NA,NA,NA
"6568","Yemen (PDR)",2004,NA,NA,NA,NA,NA,NA,NA,NA
"6569","Yemen (PDR)",2005,NA,NA,NA,NA,NA,NA,NA,NA
"6570","Yemen (PDR)",2006,NA,NA,NA,NA,NA,NA,NA,NA
"6571","Yemen (PDR)",2007,NA,NA,NA,NA,NA,NA,NA,NA
"6572","Yemen (PDR)",2008,NA,NA,NA,NA,NA,NA,NA,NA
"6573","Yemen (PDR)",2009,NA,NA,NA,NA,NA,NA,NA,NA
"6574","Yemen (PDR)",2010,NA,NA,NA,NA,NA,NA,NA,NA
"6575","Yemen (PDR)",2011,NA,NA,NA,NA,NA,NA,NA,NA
"6601","Yugoslavia",2000,10,8,1,3.79999995231628,8,7,7,17
"6603","Yugoslavia",2002,NA,NA,NA,NA,NA,NA,NA,NA
"6604","Yugoslavia",2003,NA,NA,NA,NA,NA,NA,NA,NA
"6605","Yugoslavia",2004,NA,NA,NA,NA,NA,NA,NA,NA
"6606","Yugoslavia",2005,NA,NA,NA,NA,NA,NA,NA,NA
"6607","Yugoslavia",2006,NA,NA,NA,NA,NA,NA,NA,NA
"6608","Yugoslavia",2007,NA,NA,NA,NA,NA,NA,NA,NA
"6609","Yugoslavia",2008,NA,NA,NA,NA,NA,NA,NA,NA
"6610","Yugoslavia",2009,NA,NA,NA,NA,NA,NA,NA,NA
"6611","Yugoslavia",2010,NA,NA,NA,NA,NA,NA,NA,NA
"6612","Yugoslavia",2011,NA,NA,NA,NA,NA,NA,NA,NA
"6615","S. Africa",1977,11,29,1,NA,47,7,7,0
"6619","S. Africa",1981,3,33,1,NA,3,6,6,0
"6622","S. Africa",1984,6,36,1,NA,6,6,6,0
"6625","S. Africa",1987,3,39,1,NA,3,6,6,0
"6627","S. Africa",1989,1,41,1,NA,2,7,7,0
"6632","S. Africa",1994,6,46,1,44.4000015258789,7,7,7,0
"6637","S. Africa",1999,5,5,1,44.4000015258789,12,7,7,5
"6642","S. Africa",2004,5,6,1,44.4000015258789,17,7,7,5
"6647","S. Africa",2009,1,11,1,44.4000015258789,22,7,7,0
"6653","Congo (DRC)",1977,12,6,1,NA,12,3.5,3,NA
"6658","Congo (DRC)",1982,17,11,1,NA,17,3.5,3,NA
"6663","Congo (DRC)",1987,22,16,1,NA,22,4,3,NA
"6682","Congo (DRC)",2006,6,NA,1,NA,6,1,2,NA
"6687","Congo (DRC)",2011,11,NA,1,NA,5,7,7,0
"6692","Zambia",1978,14,14,1,NA,14,4,3.5,NA
"6697","Zambia",1983,19,19,1,NA,19,4,3,NA
"6702","Zambia",1988,24,24,1,NA,24,4,3,NA
"6705","Zambia",1991,27,27,1,NA,27,4,3,NA
"6710","Zambia",1996,5,5,1,1,5,6,7,NA
"6715","Zambia",2001,10,10,1,1,10,6,7,NA
"6720","Zambia",2006,5,15,1,1,5,7,7,NA
"6725","Zambia",2011,3,20,1,1,10,7,7,NA
"6731","Zimbabwe",1979,14,17,1,NA,14,6,6,NA
"6732","Zimbabwe",1980,1,NA,1,NA,1,1,2,NA
"6737","Zimbabwe",1985,5,5,1,1,5,7,7,NA
"6742","Zimbabwe",1990,3,10,1,1,10,7,7,NA
"6747","Zimbabwe",1995,8,15,1,1,8,6,6,NA
"6752","Zimbabwe",2000,13,20,1,1,13,6,6,NA
"6757","Zimbabwe",2005,18,25,1,1,18,7,6,NA
"6760","Zimbabwe",2008,21,28,1,1,21,7,6,NA
"6764","Zimbabwe",2012,25,32,1,1,25,7,6,NA
